"","home_team","yardline_100","game_seconds_remaining","goal_to_go","yards_gained","shotgun","no_huddle","score_differential","first_down_pass","incomplete_pass","interception","down_2","down_3","pass_length_short","pass_location_middle","pass_location_right","td_team_1","td_team_2"
"1",1,0.0824742268041237,0.901334074485825,0,0.0666666666666667,1,0,0.471698113207547,0,1,0,0,1,1,0,0,0,0
"2",1,0.0824742268041237,0.660922734852696,1,0.0666666666666667,1,0,0.471698113207547,0,1,0,0,0,1,0,0,0,0
"3",1,0.0618556701030928,0.646470261256254,1,0.0666666666666667,1,0,0.471698113207547,0,0,0,0,1,1,0,0,0,0
"4",1,0.278350515463918,0.512229016120067,0,0.0666666666666667,1,0,0.471698113207547,0,1,0,1,0,0,0,1,0,0
"5",1,0.278350515463918,0.508893829905503,0,0.0666666666666667,1,0,0.471698113207547,0,1,0,0,1,0,1,0,0,0
"6",1,0.257731958762887,0.320455808782657,0,0.0666666666666667,1,0,0.528301886792453,0,1,0,0,0,1,0,0,0,0
"7",1,0,0.301000555864369,1,0.0555555555555556,1,0,0.528301886792453,0,0,0,0,0,1,1,0,0,0
"8",1,0.164948453608247,0.20094496942746,0,0.0666666666666667,1,0,0.660377358490566,0,1,0,1,0,1,0,1,0,0
"9",1,0.515463917525773,0.0933852140077821,0,0.0666666666666667,1,0,0.679245283018868,0,1,0,0,1,1,0,0,0,0
"10",1,0.164948453608247,0.0608671484157865,0,0.0666666666666667,1,0,0.679245283018868,0,1,0,0,1,1,0,0,0,0
"11",0,0.783505154639175,0.941634241245136,0,0.0666666666666667,0,0,0.339622641509434,0,1,0,1,0,1,0,1,0,0
"12",0,0.618556701030928,0.8532518065592,0,0.0666666666666667,0,0,0.339622641509434,0,1,0,0,0,0,0,0,0,0
"13",0,0.257731958762887,0.797387437465259,0,0.0666666666666667,1,0,0.339622641509434,0,1,0,0,0,0,0,1,0,0
"14",0,0.206185567010309,0.783768760422457,0,0.0666666666666667,1,0,0.339622641509434,0,1,0,0,1,0,0,1,0,0
"15",0,0.701030927835051,0.696220122290161,0,0.0666666666666667,1,0,0.39622641509434,0,1,0,0,1,0,0,0,0,0
"16",0,0.680412371134021,0.657309616453585,0,0.0666666666666667,0,0,0.39622641509434,0,1,0,1,0,0,0,1,0,0
"17",0,0.618556701030928,0.536964980544747,0,0.0555555555555556,1,0,0.339622641509434,0,0,0,1,0,1,0,0,0,0
"18",0,0.463917525773196,0.513896609227348,0,0.0666666666666667,1,0,0.339622641509434,0,1,0,1,0,0,0,0,0,0
"19",0,0.0309278350515464,0.502223457476376,1,0.0666666666666667,1,0,0.339622641509434,0,1,0,0,0,1,0,1,0,0
"20",0,0.77319587628866,0.378543635352974,0,0.0666666666666667,1,0,0.39622641509434,0,1,0,0,0,0,0,1,0,0
"21",0,0.742268041237113,0.364924958310172,0,0.0666666666666667,1,0,0.39622641509434,0,1,0,0,1,1,0,0,0,0
"22",0,0.793814432989691,0.238743746525848,0,0.0666666666666667,1,0,0.39622641509434,0,1,0,1,0,1,0,1,0,0
"23",0,0.103092783505155,0.215953307392996,0,0.0666666666666667,0,0,0.39622641509434,0,1,0,0,0,1,0,1,0,0
"24",0,0.649484536082474,0.0675375208449138,0,0.0666666666666667,1,0,0.471698113207547,0,1,0,1,0,0,0,1,0,0
"25",1,0.65979381443299,0.943579766536965,0,0.0666666666666667,1,0,0.207547169811321,0,1,0,0,0,1,0,0,0,0
"26",1,0.721649484536082,0.92384658143413,0,0.0666666666666667,1,0,0.207547169811321,0,1,0,0,1,0,0,0,0,0
"27",1,0.463917525773196,0.823790994997221,0,0.0666666666666667,0,0,0.0754716981132075,0,0,0,1,0,1,0,1,0,0
"28",1,0.463917525773196,0.810728182323513,0,0.0666666666666667,1,0,0.0754716981132075,0,1,0,0,1,0,0,1,0,0
"29",1,0.350515463917526,0.76236798221234,0,0.0666666666666667,0,0,0.0754716981132075,0,1,0,0,0,1,0,0,0,0
"30",1,0.639175257731959,0.681211784324625,0,0.0666666666666667,0,0,0.0754716981132075,0,1,0,1,0,1,0,0,0,0
"31",1,0.639175257731959,0.680100055586437,0,0.0666666666666667,1,0,0.0754716981132075,0,1,0,0,1,1,0,1,0,0
"32",1,0.804123711340206,0.632573652028905,0,0.0666666666666667,1,0,0.0754716981132075,0,1,0,0,0,1,0,1,0,0
"33",1,0.443298969072165,0.520289049471929,0,0.0666666666666667,1,0,0.0754716981132075,0,1,0,0,0,1,0,1,0,0
"34",1,0.54639175257732,0.517231795441912,0,0.0666666666666667,1,0,0.0754716981132075,0,1,0,1,0,0,0,1,0,0
"35",1,0.54639175257732,0.515842134519177,0,0.0666666666666667,1,0,0.0754716981132075,0,1,0,0,1,0,0,1,0,0
"36",1,0.628865979381443,0.469983324068927,0,0.0666666666666667,1,0,0.0754716981132075,0,1,0,1,0,1,0,0,0,0
"37",1,0.103092783505155,0.444135630906059,0,0.0666666666666667,0,0,0.0754716981132075,0,1,0,1,0,1,1,0,0,0
"38",1,0.103092783505155,0.443023902167871,0,0.0666666666666667,1,0,0.0754716981132075,0,1,0,0,1,1,1,0,0,0
"39",1,0.536082474226804,0.315175097276265,0,0.0666666666666667,1,0,0.0188679245283019,0,1,0,1,0,0,0,0,0,0
"40",1,0.628865979381443,0.0269594219010561,0,0.0666666666666667,1,0,0.0943396226415094,0,1,0,0,0,1,0,0,0,0
"41",1,0.525773195876289,0.0136186770428016,0,0.0666666666666667,0,1,0.0943396226415094,0,1,0,0,0,1,0,1,0,0
"42",1,0.371134020618557,0.00194552529182879,0,0.0666666666666667,1,1,0.0943396226415094,0,1,0,0,0,0,0,0,0,0
"43",0,0.484536082474227,0.954697053918844,0,0.0666666666666667,1,0,0.339622641509434,0,1,0,0,0,0,0,0,0,0
"44",0,0.711340206185567,0.791828793774319,0,0.0666666666666667,1,0,0.415094339622642,0,1,0,1,0,1,0,1,0,0
"45",0,0.711340206185567,0.790439132851584,0,0.0666666666666667,1,0,0.415094339622642,0,1,0,0,1,1,0,1,0,0
"46",0,0.670103092783505,0.758476931628683,0,0.0666666666666667,0,0,0.415094339622642,0,1,0,1,0,1,0,1,0,0
"47",0,0.948453608247423,0.698443579766537,0,0.0666666666666667,0,0,0.547169811320755,0,1,0,0,0,0,0,1,0,0
"48",0,0.927835051546392,0.685936631461923,0,0.0666666666666667,1,0,0.547169811320755,0,1,0,0,1,1,0,1,0,0
"49",0,0.391752577319588,0.592829349638688,0,0.0666666666666667,1,1,0.547169811320755,0,1,0,0,0,0,0,1,0,0
"50",0,0.144329896907216,0.572540300166759,0,0.0666666666666667,1,0,0.547169811320755,0,1,0,0,1,1,0,0,0,0
"51",0,0.43298969072165,0.520289049471929,0,0.0666666666666667,1,0,0.60377358490566,0,1,0,0,0,1,0,1,0,0
"52",0,0.329896907216495,0.517787659811006,0,0.0666666666666667,1,0,0.60377358490566,0,0,1,0,0,1,0,0,0,0
"53",0,0.752577319587629,0.303224013340745,0,0.0666666666666667,1,0,0.415094339622642,0,1,0,0,1,1,0,0,0,0
"54",0,0.587628865979381,0.25875486381323,0,0.0666666666666667,0,0,0.283018867924528,0,1,0,1,0,1,1,0,0,0
"55",0,0.587628865979381,0.257365202890495,0,0.0666666666666667,1,0,0.283018867924528,0,1,0,0,1,1,1,0,0,0
"56",0,0.422680412371134,0.17065036131184,0,0.0666666666666667,1,0,0.283018867924528,0,1,0,1,0,1,1,0,0,0
"57",0,0.422680412371134,0.169538632573652,0,0.0666666666666667,1,0,0.283018867924528,0,1,0,0,1,0,0,1,0,0
"58",0,0.649484536082474,0.859922178988327,0,0.0666666666666667,1,1,0.339622641509434,0,1,0,0,0,1,0,1,0,0
"59",0,0.649484536082474,0.858532518065592,0,0.0666666666666667,1,0,0.339622641509434,0,1,0,1,0,1,1,0,0,0
"60",0,0.649484536082474,0.857698721511951,0,0.0666666666666667,1,0,0.339622641509434,0,1,0,0,1,1,0,0,0,0
"61",0,0.896907216494845,0.824902723735409,0,0.0666666666666667,1,0,0.339622641509434,0,1,0,1,0,1,0,1,0,0
"62",0,0.618556701030928,0.677876598110061,0,0.0666666666666667,1,0,0.60377358490566,0,1,0,0,0,0,0,0,0,0
"63",0,0.577319587628866,0.665647581989994,0,0.0666666666666667,1,0,0.60377358490566,0,1,0,0,1,1,0,1,0,0
"64",0,0.360824742268041,0.562256809338521,0,0.0444444444444444,1,0,0.471698113207547,0,0,0,1,0,1,0,1,0,0
"65",0,0.381443298969072,0.55141745414119,0,0.0666666666666667,1,0,0.471698113207547,0,1,0,0,1,1,0,1,0,0
"66",0,0.752577319587629,0.513340744858255,0,0.0666666666666667,1,0,0.415094339622642,0,1,0,0,1,1,0,1,0,0
"67",0,0.721649484536082,0.413285158421345,0,0.0666666666666667,1,0,0.415094339622642,0,1,0,1,0,1,0,0,0,0
"68",0,0.278350515463918,0.367426347971095,0,0.0666666666666667,1,0,0.415094339622642,0,1,0,0,1,1,0,1,0,0
"69",0,0.360824742268041,0.243190661478599,0,0.0666666666666667,0,1,0.415094339622642,0,1,0,1,0,1,0,1,0,0
"70",0,0.134020618556701,0.212062256809339,0,0.0666666666666667,1,0,0.415094339622642,0,1,0,0,0,1,0,1,0,0
"71",0,0.0412371134020619,0.201222901612007,0,0.0666666666666667,0,0,0.415094339622642,0,1,0,0,1,1,0,1,0,0
"72",0,0.391752577319588,0.0319622012229016,0,0.0666666666666667,1,0,0.471698113207547,0,1,0,0,1,0,0,1,0,0
"73",1,0.515463917525773,0.964702612562535,0,0.0666666666666667,1,0,0.339622641509434,0,1,0,0,1,0,0,0,0,0
"74",1,0.597938144329897,0.896887159533074,0,0.0666666666666667,1,0,0.339622641509434,0,1,0,0,0,1,1,0,0,0
"75",1,0.443298969072165,0.857698721511951,0,0.0666666666666667,0,0,0.339622641509434,0,1,0,1,0,0,0,0,0,0
"76",1,0.443298969072165,0.854919399666481,0,0.0666666666666667,1,0,0.339622641509434,0,1,0,0,1,1,0,1,0,0
"77",1,0.402061855670103,0.822401334074486,0,0.0666666666666667,1,0,0.339622641509434,0,1,0,1,0,0,0,0,0,0
"78",1,0.268041237113402,0.80822679266259,0,0.0666666666666667,0,0,0.339622641509434,0,1,0,0,0,1,0,1,0,0
"79",1,0.268041237113402,0.805725403001668,0,0.0444444444444444,0,0,0.339622641509434,0,0,0,1,0,1,0,0,0,0
"80",1,0.288659793814433,0.793774319066148,0,0.0666666666666667,1,0,0.339622641509434,0,1,0,0,1,0,0,0,0,0
"81",1,0.77319587628866,0.665369649805447,0,0.0666666666666667,1,0,0.39622641509434,0,1,0,0,1,1,0,0,0,0
"82",1,0.0515463917525773,0.405225125069483,1,0.0666666666666667,1,0,0.339622641509434,0,1,0,0,0,1,0,1,0,0
"83",1,0.0206185567010309,0.395497498610339,1,0.0666666666666667,0,0,0.339622641509434,0,1,0,0,1,1,0,0,0,0
"84",1,0.443298969072165,0.24958310172318,0,0.0666666666666667,1,0,0.339622641509434,0,1,0,1,0,1,0,0,0,0
"85",1,0.56701030927835,0.141467481934408,0,0.0666666666666667,1,0,0.471698113207547,0,1,0,1,0,1,1,0,0,0
"86",0,0.412371134020619,0.851306281267371,0,0.0666666666666667,1,0,0.339622641509434,0,1,0,0,0,1,0,0,0,0
"87",0,0.412371134020619,0.850194552529183,0,0.0666666666666667,1,0,0.339622641509434,0,1,0,1,0,1,0,1,0,0
"88",0,0.412371134020619,0.849360755975542,0,0.0666666666666667,1,0,0.339622641509434,0,1,0,0,1,1,1,0,0,0
"89",0,0.505154639175258,0.786826014452474,0,0.0666666666666667,1,0,0.339622641509434,0,1,0,0,1,1,1,0,0,0
"90",0,0.876288659793814,0.702056698165648,0,0.0666666666666667,1,0,0.339622641509434,0,1,0,0,1,1,0,1,0,0
"91",0,0.752577319587629,0.601167315175097,0,0.0666666666666667,1,1,0.283018867924528,0,1,0,1,0,1,1,0,0,0
"92",0,0.56701030927835,0.597554196775987,0,0.0666666666666667,0,0,0.283018867924528,0,1,0,0,0,0,1,0,0,0
"93",0,0.56701030927835,0.595886603668705,0,0.0666666666666667,1,0,0.283018867924528,0,1,0,1,0,1,0,0,0,0
"94",0,0.515463917525773,0.500555864369094,0,0.0666666666666667,1,0,0.358490566037736,0,1,0,0,0,0,1,0,0,0
"95",0,0.752577319587629,0.49082823790995,0,0.0666666666666667,1,0,0.358490566037736,0,1,0,1,0,0,0,0,0,0
"96",0,0.762886597938144,0.352695942190106,0,0.0666666666666667,0,0,0.30188679245283,0,1,0,1,0,1,0,0,0,0
"97",0,0.814432989690722,0.302390216787104,0,0.0666666666666667,1,0,0.30188679245283,0,1,0,0,0,1,0,0,0,0
"98",0,0.185567010309278,0.262090050027793,0,0.0666666666666667,1,0,0.30188679245283,0,1,0,1,0,0,0,1,0,0
"99",0,0.185567010309278,0.260700389105058,0,0.0666666666666667,1,0,0.30188679245283,0,1,0,0,1,1,0,0,0,0
"100",0,0.268041237113402,0.156753752084491,0,0.0666666666666667,1,0,0.207547169811321,0,1,0,1,0,1,0,0,0,0
"101",0,0.783505154639175,0.0858810450250139,0,0.0666666666666667,1,0,0.207547169811321,0,1,0,0,0,1,0,1,0,0
"102",0,0.731958762886598,0.0839355197331851,0,0.0666666666666667,1,0,0.207547169811321,0,0,0,0,0,1,1,0,0,0
"103",0,0.731958762886598,0.0730961645358533,0,0.0666666666666667,1,0,0.207547169811321,0,0,1,1,0,1,0,0,1,0
"104",0,0.412371134020619,0.0689271817676487,0,0.0666666666666667,1,0,0.0754716981132075,0,0,1,0,0,1,0,1,0,0
"105",0,0.701030927835051,0.0300166759310728,0,0.0666666666666667,1,0,0.0188679245283019,0,1,0,0,0,1,0,1,0,0
"106",0,0,0.00806003335186215,1,0.0666666666666667,0,0,0.0188679245283019,0,1,0,1,0,1,1,0,0,0
"107",1,0.34020618556701,0.785714285714286,0,0.0666666666666667,0,0,0.358490566037736,0,0,1,0,0,1,0,0,0,0
"108",1,0.618556701030928,0.707615341856587,0,0.0666666666666667,1,0,0.226415094339623,0,1,0,1,0,1,0,1,0,0
"109",1,0.721649484536082,0.538910505836576,0,0.0666666666666667,1,0,0.169811320754717,0,1,0,1,0,1,0,1,0,0
"110",1,0.680412371134021,0.364369093941078,0,0.0666666666666667,1,0,0.113207547169811,0,1,0,0,0,1,0,1,0,0
"111",1,0.88659793814433,0.160922734852696,0,0.0222222222222222,1,0,0.207547169811321,0,0,0,0,0,1,0,1,0,0
"112",1,0.927835051546392,0.147859922178988,0,0.0666666666666667,1,0,0.207547169811321,0,0,1,1,0,0,1,0,0,0
"113",1,0.54639175257732,0.0572540300166759,0,0.0666666666666667,1,0,0.0754716981132075,0,1,0,0,0,1,0,1,0,0
"114",1,0.54639175257732,0.0561423012784881,0,0.0666666666666667,1,1,0.0754716981132075,0,0,1,1,0,1,0,1,0,0
"115",1,0.783505154639175,0.0466926070038911,0,0.0666666666666667,1,0,0.0754716981132075,0,1,0,0,0,0,0,0,0,0
"116",1,0.484536082474227,0.952751528627015,0,0.0666666666666667,0,0,0.339622641509434,0,1,0,0,0,0,0,0,0,0
"117",1,0.402061855670103,0.908560311284047,0,0.0666666666666667,1,0,0.339622641509434,0,1,0,1,0,1,0,1,0,0
"118",1,0.752577319587629,0.795163979988883,0,0.0666666666666667,1,0,0.39622641509434,0,1,0,0,1,1,0,1,0,0
"119",1,0.762886597938144,0.529738743746526,0,0.0666666666666667,1,0,0.452830188679245,0,1,0,0,0,1,0,0,0,0
"120",1,0.577319587628866,0.508337965536409,0,0.0666666666666667,1,0,0.452830188679245,0,0,0,0,0,1,0,0,0,0
"121",1,0.402061855670103,0.503891050583658,0,0.0666666666666667,1,0,0.452830188679245,0,1,0,0,1,1,0,1,0,0
"122",1,0.670103092783505,0.139799888827126,0,0.0666666666666667,1,0,0.641509433962264,0,1,0,0,1,1,1,0,0,0
"123",0,0.948453608247423,0.940800444691495,0,0.0666666666666667,1,0,0.339622641509434,0,1,0,0,0,1,0,1,0,0
"124",0,0.257731958762887,0.782657031684269,0,0.0666666666666667,1,0,0.207547169811321,0,1,0,1,0,1,0,0,0,0
"125",0,0.711340206185567,0.71011673151751,0,0.0666666666666667,1,0,0.339622641509434,0,1,0,0,0,1,0,1,0,0
"126",0,0.154639175257732,0.65230683713174,0,0.0666666666666667,1,0,0.339622641509434,0,0,0,0,1,1,0,0,0,0
"127",0,0.865979381443299,0.551695386325737,0,0.0666666666666667,0,0,0.39622641509434,0,1,0,0,0,0,0,1,0,0
"128",0,0.783505154639175,0.519455252918288,0,0.0666666666666667,1,0,0.39622641509434,0,1,0,0,1,0,0,1,0,0
"129",0,0.391752577319588,0.508893829905503,0,0.0666666666666667,1,0,0.39622641509434,0,1,0,1,0,0,0,1,0,0
"130",0,0.391752577319588,0.507504168982768,0,0.0666666666666667,1,0,0.39622641509434,0,1,0,0,1,1,0,1,0,0
"131",0,0.515463917525773,0.075597554196776,0,0.0666666666666667,1,0,0.792452830188679,0,0,1,0,1,0,0,1,0,0
"132",0,0.680412371134021,0.879933296275709,0,0.0666666666666667,1,0,0.339622641509434,0,1,0,1,0,1,1,0,0,0
"133",0,0.412371134020619,0.843246247915509,0,0.0666666666666667,1,0,0.339622641509434,0,1,0,0,1,1,0,1,0,0
"134",0,0.711340206185567,0.524458032240133,0,0.0666666666666667,1,1,0.415094339622642,0,1,0,1,0,1,0,0,0,0
"135",0,0.711340206185567,0.523068371317399,0,0.0666666666666667,1,0,0.415094339622642,0,1,0,0,1,0,0,1,0,0
"136",1,0.762886597938144,1,0,0.0666666666666667,0,0,0.339622641509434,0,1,0,0,0,1,0,1,0,0
"137",1,0.54639175257732,0.976931628682601,0,0.0666666666666667,0,0,0.339622641509434,0,1,0,0,0,1,0,1,0,0
"138",1,0.350515463917526,0.909672040022235,0,0,1,0,0.339622641509434,0,0,0,0,1,1,0,0,0,0
"139",1,0.536082474226804,0.814619232907171,0,0.0666666666666667,0,0,0.339622641509434,0,1,0,1,0,1,0,0,0,0
"140",1,0.278350515463918,0.653418565869928,0,0.0666666666666667,0,0,0.584905660377358,0,1,0,0,0,0,1,0,0,0
"141",1,0.525773195876289,0.560311284046693,0,0.0666666666666667,0,0,0.716981132075472,0,1,0,1,0,1,0,1,0,0
"142",1,0.525773195876289,0.559199555308505,0,0.0666666666666667,1,0,0.716981132075472,0,1,0,0,1,1,0,0,0,0
"143",1,0.0618556701030928,0.517231795441912,0,0.0666666666666667,1,0,0.716981132075472,0,1,0,0,1,1,1,0,0,0
"144",1,0.443298969072165,0.505002779321845,0,0.0666666666666667,1,0,0.773584905660377,0,1,0,0,0,0,0,1,0,0
"145",1,0.443298969072165,0.503613118399111,0,0.0666666666666667,1,0,0.773584905660377,0,1,0,1,0,1,0,0,0,0
"146",1,0.54639175257732,0.501389660922735,0,0.0666666666666667,1,0,0.773584905660377,0,1,0,0,1,0,0,0,0,0
"147",1,0.43298969072165,0.267648693718733,0,0.0666666666666667,1,0,0.716981132075472,0,1,0,1,0,0,0,0,0,0
"148",1,1,0.0842134519177321,0,0.0666666666666667,1,0,0.566037735849057,0,1,0,0,1,1,0,1,0,0
"149",1,0.731958762886598,0.786548082267927,0,0.0666666666666667,0,0,0.415094339622642,0,1,0,0,0,0,0,0,0,0
"150",1,0.65979381443299,0.767370761534186,0,0.0666666666666667,1,0,0.415094339622642,0,1,0,0,0,0,1,0,0,0
"151",1,0.680412371134021,0.513896609227348,0,0.0666666666666667,1,0,0.679245283018868,0,1,0,0,0,1,1,0,0,0
"152",1,0.216494845360825,0.504168982768205,0,0.0666666666666667,1,0,0.679245283018868,0,1,0,0,0,1,0,0,0,0
"153",1,0.216494845360825,0.503057254030017,0,0.0666666666666667,1,0,0.679245283018868,0,1,0,1,0,0,0,1,0,0
"154",1,0.855670103092783,0.486659255141745,0,0.0666666666666667,0,0,0.735849056603774,0,1,0,1,0,0,0,0,0,0
"155",1,0.11340206185567,0.194830461367426,0,0.0444444444444444,1,0,0.867924528301887,0,0,0,0,0,1,0,1,0,0
"156",1,0.77319587628866,0.172040022234575,0,0.0666666666666667,1,0,1,0,1,0,0,0,1,0,0,0,0
"157",1,0.731958762886598,0.159533073929961,0,0.0666666666666667,1,0,1,0,1,0,0,1,0,0,1,0,0
"158",0,0.175257731958763,0.846025569760978,0,0.0666666666666667,0,0,0.415094339622642,0,1,0,0,0,0,0,0,0,0
"159",0,0.144329896907216,0.833240689271818,0,0.0666666666666667,1,0,0.415094339622642,0,1,0,0,1,1,0,0,0,0
"160",0,0.484536082474227,0.738743746525848,0,0.0666666666666667,0,0,0.471698113207547,0,1,0,1,0,1,0,0,0,0
"161",0,0.391752577319588,0.641189549749861,0,0.0666666666666667,1,0,0.471698113207547,0,1,0,1,0,1,0,1,0,0
"162",0,0.319587628865979,0.572818232351306,0,0.0666666666666667,0,0,0.471698113207547,0,1,0,1,0,1,0,0,0,0
"163",0,0.144329896907216,0.540578098943858,0,0.0666666666666667,1,0,0.471698113207547,0,1,0,0,1,1,0,0,0,0
"164",0,0.463917525773196,0.508337965536409,0,0.0666666666666667,1,1,0.528301886792453,0,1,0,0,0,1,0,1,0,0
"165",0,0.463917525773196,0.506948304613674,0,0.0666666666666667,1,0,0.528301886792453,0,1,0,1,0,1,0,0,0,0
"166",0,0.0824742268041237,0.501945525291829,1,0.0666666666666667,1,0,0.528301886792453,0,1,0,0,0,1,0,0,0,0
"167",0,0.54639175257732,0.212062256809339,0,0.0666666666666667,0,0,0.528301886792453,0,1,0,0,0,1,1,0,0,0
"168",0,0.54639175257732,0.210950528071151,0,0.0333333333333333,0,0,0.528301886792453,0,0,0,1,0,1,0,1,0,0
"169",0,0.319587628865979,0.0314063368538077,0,0.0666666666666667,1,0,0.39622641509434,0,1,0,0,1,1,1,0,0,0
"170",0,0.845360824742268,0.00694830461367426,0,0.0666666666666667,1,0,0.264150943396226,0,1,0,0,0,1,0,1,0,0
"171",0,0.402061855670103,0.00194552529182879,0,0.0666666666666667,1,0,0.264150943396226,0,1,0,0,0,0,1,0,0,0
"172",0,0.402061855670103,0,0,0.0666666666666667,1,0,0.264150943396226,0,1,0,1,0,0,0,1,0,0
"173",0,0.680412371134021,0.980544747081712,0,0.0555555555555556,0,0,0.339622641509434,0,0,0,0,0,1,0,0,0,0
"174",0,0.597938144329897,0.829627570872707,0,0.0666666666666667,0,0,0.60377358490566,0,1,0,0,0,0,1,0,0,0
"175",0,0.309278350515464,0.789605336297943,0,0.0666666666666667,1,0,0.60377358490566,0,1,0,1,0,1,0,0,0,0
"176",0,0.814432989690722,0.758476931628683,0,0.0666666666666667,0,0,0.60377358490566,0,1,0,0,0,1,1,0,0,0
"177",0,0.680412371134021,0.739855475264036,0,0.0666666666666667,0,0,0.60377358490566,0,0,1,0,0,0,0,1,0,0
"178",0,0.536082474226804,0.627015008337966,0,0.0666666666666667,0,0,0.547169811320755,0,1,0,1,0,1,0,0,0,0
"179",0,0.402061855670103,0.586992773763202,0,0.0666666666666667,1,0,0.547169811320755,0,1,0,0,1,1,0,1,0,0
"180",0,0.391752577319588,0.52112284602557,0,0.0666666666666667,1,1,0.547169811320755,0,1,0,1,0,1,0,1,0,0
"181",0,0.123711340206186,0.510283490828238,0,0.0666666666666667,1,0,0.547169811320755,0,1,0,0,0,1,0,1,0,0
"182",0,0.371134020618557,0.406336853807671,0,0.0666666666666667,0,1,0.60377358490566,0,1,0,0,0,1,0,1,0,0
"183",0,0.371134020618557,0.405225125069483,0,0.0666666666666667,1,0,0.60377358490566,0,1,0,1,0,1,0,0,0,0
"184",0,0.371134020618557,0.403835464146748,0,0.0666666666666667,1,0,0.60377358490566,0,1,0,0,1,1,0,0,0,0
"185",0,0.381443298969072,0.362701500833797,0,0.0666666666666667,0,0,0.60377358490566,0,0,1,0,0,1,0,1,0,0
"186",0,0.896907216494845,0.189827682045581,0,0.0666666666666667,0,0,0.566037735849057,0,0,0,1,0,1,0,0,0,0
"187",0,0.731958762886598,0.154530294608116,0,0.0666666666666667,1,0,0.566037735849057,0,1,0,1,0,1,0,0,0,0
"188",1,0.865979381443299,0.991106170094497,0,0.0666666666666667,1,0,0.339622641509434,0,1,0,0,0,1,0,1,0,0
"189",1,0.381443298969072,0.815730961645359,0,0.0666666666666667,0,0,0.339622641509434,0,1,0,0,0,0,0,1,0,0
"190",1,0.288659793814433,0.782657031684269,0,0.0666666666666667,1,0,0.339622641509434,0,1,0,1,0,1,0,1,0,0
"191",1,0.0412371134020619,0.764035575319622,0,0.0666666666666667,1,0,0.339622641509434,0,1,0,1,0,1,0,1,0,0
"192",1,0.608247422680412,0.688715953307393,0,0.0666666666666667,1,0,0.415094339622642,0,1,0,0,0,1,0,0,0,0
"193",1,0.680412371134021,0.357420789327404,0,0.0666666666666667,1,0,0.264150943396226,0,1,0,1,0,0,0,1,0,0
"194",1,0.680412371134021,0.355753196220122,0,0.0666666666666667,1,0,0.264150943396226,0,1,0,0,1,1,0,1,0,0
"195",1,0.494845360824742,0.24958310172318,0,0.0666666666666667,1,0,0.264150943396226,0,1,0,0,1,1,0,0,0,0
"196",1,0.969072164948454,0.174541411895497,0,0.0666666666666667,1,0,0.264150943396226,0,1,0,0,0,1,0,0,0,0
"197",1,0.814432989690722,0.075875486381323,0,0.0666666666666667,1,0,0,0,1,0,0,0,1,0,0,0,0
"198",1,0.814432989690722,0.0742078932740411,0,0.0666666666666667,1,0,0,0,1,0,1,0,1,0,1,0,0
"199",1,0.814432989690722,0.0728182323513063,0,0.0666666666666667,1,0,0,0,1,0,0,1,0,0,1,0,0
"200",1,0.103092783505155,0.911617565314063,0,0.0888888888888889,1,0,0.471698113207547,0,0,0,1,0,1,0,1,0,0
"201",1,0.309278350515464,0.513618677042802,0,0.1,1,1,0.471698113207547,0,0,0,0,0,1,0,0,0,0
"202",1,0.443298969072165,0.101723179544191,0,0.1,1,0,0.679245283018868,0,0,0,0,1,1,0,0,0,0
"203",0,0.783505154639175,0.939966648137854,0,0.1,1,0,0.339622641509434,0,0,0,0,1,1,0,1,0,0
"204",0,0.762886597938144,0.885769872151195,0,0.0777777777777778,1,0,0.339622641509434,0,0,0,0,0,1,0,0,0,0
"205",1,0.577319587628866,0.553362979433018,0,0.1,1,0,0.0754716981132075,0,0,0,1,0,1,0,0,0,0
"206",1,0.597938144329897,0.53946637020567,0,0.0888888888888889,1,0,0.0754716981132075,0,0,0,0,1,1,0,1,0,0
"207",1,0.412371134020619,0.290994997220678,0,0.0888888888888889,1,0,0.0188679245283019,0,0,0,1,0,1,1,0,0,0
"208",0,0.319587628865979,0.0327959977765425,0,0.0888888888888889,1,0,0.226415094339623,0,0,0,0,0,1,0,1,0,0
"209",1,0.525773195876289,0.732907170650361,0,0.0888888888888889,1,0,0.39622641509434,0,0,0,0,1,1,1,0,0,0
"210",1,0.783505154639175,0.54307948860478,0,0.1,1,0,0.339622641509434,0,0,0,0,0,1,0,1,0,0
"211",0,0.0103092783505155,0.523902167871039,1,0.0888888888888889,1,0,0.283018867924528,1,0,0,1,0,1,0,1,0,1
"212",0,0.814432989690722,0.202334630350195,0,0.1,1,0,0.207547169811321,0,0,0,1,0,1,0,1,0,0
"213",1,0.752577319587629,0.0683713173985548,0,0.1,1,0,0.0754716981132075,0,0,0,0,0,1,0,1,0,0
"214",1,0.587628865979381,0.5183435241801,0,0.1,1,0,0.452830188679245,0,0,0,1,0,1,0,1,0,0
"215",1,0.391752577319588,0.394941634241245,0,0.0888888888888889,1,0,0.452830188679245,0,0,0,0,0,1,0,1,0,0
"216",0,0.144329896907216,0.770428015564202,0,0.0888888888888889,1,0,0.207547169811321,0,0,0,0,0,1,1,0,0,0
"217",0,0.206185567010309,0.280989438576987,0,0.1,1,0,0.528301886792453,0,0,0,1,0,1,0,1,0,0
"218",1,0.247422680412371,0.623401889938855,0,0.0888888888888889,1,0,0.415094339622642,0,0,0,0,0,1,0,1,0,0
"219",0,0.505154639175258,0.598387993329628,0,0.0777777777777778,0,0,0.471698113207547,0,0,0,0,0,1,0,1,0,0
"220",0,0.123711340206186,0.50917176209005,0,0.1,1,0,0.547169811320755,0,0,0,1,0,1,1,0,0,0
"221",1,0.77319587628866,0.987770983879933,0,0.155555555555556,1,0,0.339622641509434,0,0,0,1,0,1,0,1,0,0
"222",1,0.577319587628866,0.561145080600334,0,0.122222222222222,1,0,0.471698113207547,0,0,0,0,0,1,0,0,0,0
"223",1,0.443298969072165,0.533073929961089,0,0.122222222222222,1,0,0.471698113207547,0,0,0,0,0,1,0,1,0,0
"224",1,0.597938144329897,0.387437465258477,0,0.155555555555556,1,0,0.528301886792453,0,0,0,1,0,1,0,1,0,0
"225",1,0.494845360824742,0.364924958310172,0,0.166666666666667,1,0,0.528301886792453,0,0,0,0,0,1,0,1,0,0
"226",1,0.680412371134021,0.253752084491384,0,0.144444444444444,1,0,0.660377358490566,0,0,0,0,0,1,0,0,0,0
"227",1,0.0206185567010309,0.183435241801001,1,0.1,1,0,0.660377358490566,1,0,0,1,0,1,0,1,0,1
"228",0,0.938144329896907,0.902445803224013,0,0.133333333333333,1,0,0.339622641509434,0,0,0,0,0,1,1,0,0,0
"229",0,0.680412371134021,0.863257365202891,0,0.133333333333333,1,0,0.339622641509434,1,0,0,0,1,1,0,1,0,0
"230",0,0.536082474226804,0.839633129516398,0,0.1,1,0,0.339622641509434,1,0,0,0,1,1,0,1,0,0
"231",0,0.896907216494845,0.39633129516398,0,0.144444444444444,1,0,0.39622641509434,0,0,0,0,0,1,0,0,0,0
"232",0,0.793814432989691,0.23763201778766,0,0.166666666666667,1,0,0.39622641509434,0,0,0,0,1,1,0,1,0,0
"233",1,0.618556701030928,0.565869927737632,0,0.111111111111111,1,0,0.0754716981132075,0,0,0,0,0,1,0,0,0,0
"234",1,0.443298969072165,0.228182323513063,0,0.155555555555556,1,1,0.0188679245283019,0,0,0,1,0,1,0,1,0,0
"235",1,0.628865979381443,0.0255697609783213,0,0.122222222222222,1,0,0.0943396226415094,0,0,0,1,0,1,1,0,0,0
"236",1,0.577319587628866,0.018899388549194,0,0.122222222222222,1,1,0.0943396226415094,1,0,0,0,1,1,0,1,0,0
"237",1,0.525773195876289,0.0127848804891606,0,0.122222222222222,1,1,0.0943396226415094,0,0,0,1,0,1,1,0,0,0
"238",0,0.639175257731959,0.976653696498054,0,0.122222222222222,1,0,0.339622641509434,0,0,0,1,0,1,0,1,0,0
"239",0,0.484536082474227,0.953307392996109,0,0.155555555555556,0,0,0.339622641509434,0,0,0,1,0,1,0,1,0,0
"240",0,0.515463917525773,0.749861033907727,0,0.122222222222222,0,0,0.415094339622642,0,0,0,0,0,1,0,0,0,0
"241",0,0.536082474226804,0.615063924402446,0,0.144444444444444,1,1,0.547169811320755,0,0,0,0,0,1,1,0,0,0
"242",0,0.237113402061856,0.582823790994997,0,0.166666666666667,1,0,0.547169811320755,0,0,0,1,0,1,0,0,0,0
"243",0,0.814432989690722,0.314897165091718,0,0.133333333333333,0,0,0.415094339622642,0,0,0,1,0,1,1,0,0,0
"244",0,0.412371134020619,0.971095052807115,0,0.133333333333333,1,0,0.339622641509434,1,0,0,1,0,1,1,0,0,0
"245",0,0.247422680412371,0.943857698721512,0,0.133333333333333,1,0,0.339622641509434,1,0,0,1,0,1,0,0,0,0
"246",0,0.185567010309278,0.932740411339633,0,0.111111111111111,1,0,0.339622641509434,0,0,0,0,0,1,1,0,0,0
"247",0,0.762886597938144,0.874096720400222,0,0.144444444444444,0,0,0.339622641509434,0,0,0,0,0,1,0,1,0,0
"248",0,0.185567010309278,0.797387437465259,0,0.133333333333333,1,0,0.339622641509434,1,0,0,1,0,1,0,0,0,0
"249",0,0.54639175257732,0.401612006670372,0,0.166666666666667,1,0,0.415094339622642,0,0,0,0,0,1,0,1,0,0
"250",0,0.65979381443299,0.264313507504169,0,0.133333333333333,1,0,0.415094339622642,0,0,0,0,0,1,0,1,0,0
"251",0,0.742268041237113,0.08532518065592,0,0.144444444444444,1,0,0.358490566037736,0,0,0,1,0,1,0,0,0,0
"252",1,0.762886597938144,1,0,0.155555555555556,1,0,0.339622641509434,0,0,0,0,0,1,0,1,0,0
"253",1,0.711340206185567,0.917732073374097,0,0.166666666666667,1,0,0.339622641509434,0,0,0,0,0,1,1,0,0,0
"254",1,0.56701030927835,0.740133407448583,0,0.111111111111111,1,0,0.39622641509434,0,0,0,1,0,1,0,0,0,0
"255",1,0.855670103092783,0.677876598110061,0,0.155555555555556,1,0,0.39622641509434,0,0,0,1,0,1,1,0,0,0
"256",1,0.175257731958763,0.428015564202335,0,0.155555555555556,0,0,0.339622641509434,0,0,0,0,0,1,0,1,0,0
"257",1,0.54639175257732,0.271817676486937,0,0.133333333333333,1,0,0.339622641509434,1,0,0,1,0,1,0,0,0,0
"258",1,0.247422680412371,0.242078932740411,0,0.122222222222222,1,0,0.339622641509434,0,0,0,0,0,1,1,0,0,0
"259",1,0.123711340206186,0.206225680933852,1,0.166666666666667,0,0,0.339622641509434,0,0,0,1,0,1,0,1,0,0
"260",1,0.0309278350515464,0.197609783212896,1,0.111111111111111,1,0,0.339622641509434,1,0,0,0,1,1,1,0,0,1
"261",0,0.969072164948454,0.917176209005003,0,0.122222222222222,0,0,0.339622641509434,0,0,0,1,0,1,0,1,0,0
"262",0,0.56701030927835,0.595052807115064,0,0.133333333333333,1,0,0.283018867924528,0,0,0,0,1,1,0,0,0,0
"263",0,0.536082474226804,0.474430239021679,0,0.133333333333333,1,0,0.358490566037736,0,0,0,1,0,1,0,0,0,0
"264",0,0.515463917525773,0.277376320177877,0,0.155555555555556,0,0,0.30188679245283,0,0,0,0,0,1,0,1,0,0
"265",0,0.329896907216495,0.1650917176209,0,0.133333333333333,1,0,0.207547169811321,0,0,0,0,0,1,1,0,0,0
"266",0,0.701030927835051,0.0289049471928849,0,0.111111111111111,1,0,0.0188679245283019,0,0,0,1,0,1,0,1,0,0
"267",0,0.247422680412371,0.0183435241801001,0,0.111111111111111,0,0,0.0188679245283019,0,0,0,0,0,1,0,1,0,0
"268",1,0.948453608247423,0.958866036687048,0,0.111111111111111,0,0,0.226415094339623,0,0,0,0,0,1,1,0,0,0
"269",1,0.56701030927835,0.918565869927738,0,0.133333333333333,1,0,0.226415094339623,0,0,0,0,0,1,0,0,0,0
"270",1,0.319587628865979,0.853807670928293,0,0.122222222222222,0,0,0.226415094339623,0,0,0,0,0,1,0,1,0,0
"271",1,0.762886597938144,0.499722067815453,0,0.133333333333333,1,0,0.113207547169811,0,0,0,0,0,1,0,1,0,0
"272",1,0.670103092783505,0.47887715397443,0,0.133333333333333,0,0,0.113207547169811,1,0,0,0,1,1,0,1,0,0
"273",1,0.474226804123711,0.258476931628683,0,0.155555555555556,1,0,0.0566037735849057,0,0,0,0,0,1,0,1,0,0
"274",1,0.391752577319588,0.25041689827682,0,0.133333333333333,1,0,0.0566037735849057,1,0,0,1,0,1,0,1,0,0
"275",1,0.0206185567010309,0.219844357976654,1,0.1,1,0,0.0566037735849057,1,0,0,0,0,1,0,0,0,1
"276",1,0.484536082474227,0.950806003335186,0,0.133333333333333,1,0,0.339622641509434,0,0,0,1,0,1,1,0,0,0
"277",1,0.628865979381443,0.520289049471929,0,0.111111111111111,1,0,0.452830188679245,0,0,0,0,0,1,0,0,0,0
"278",1,0.804123711340206,0.296831573096165,0,0.155555555555556,1,0,0.509433962264151,0,0,0,0,0,1,1,0,0,0
"279",1,0.680412371134021,0.158977209560867,0,0.133333333333333,1,0,0.641509433962264,0,0,0,1,0,1,1,0,0,0
"280",0,0.793814432989691,0.538076709282935,0,0.1,1,0,0.39622641509434,1,0,0,0,1,1,0,0,0,0
"281",0,0.762886597938144,0.533073929961089,0,0.144444444444444,1,0,0.39622641509434,0,0,0,0,0,1,1,0,0,0
"282",0,0.45360824742268,0.511117287381879,0,0.133333333333333,1,0,0.39622641509434,0,0,0,0,0,1,0,1,0,0
"283",0,0.195876288659794,0.767648693718733,0,0.155555555555556,1,0,0.339622641509434,0,0,0,1,0,1,1,0,0,0
"284",0,0.56701030927835,0.642301278488049,0,0.133333333333333,1,0,0.339622641509434,1,0,0,0,1,1,1,0,0,0
"285",0,0.505154639175258,0.630072262367982,0,0.122222222222222,0,0,0.339622641509434,0,0,0,0,0,1,0,0,0,0
"286",0,0.597938144329897,0.485269594219011,0,0.133333333333333,1,0,0.415094339622642,1,0,0,1,0,1,1,0,0,0
"287",1,0.54639175257732,0.975541967759867,0,0.144444444444444,0,0,0.339622641509434,0,0,0,1,0,1,0,1,0,0
"288",1,0.701030927835051,0.857976653696498,0,0.133333333333333,1,0,0.339622641509434,0,0,0,0,0,1,0,0,0,0
"289",1,0.608247422680412,0.581156197887715,0,0.122222222222222,1,0,0.716981132075472,1,0,0,0,1,1,0,0,0,0
"290",1,0.123711340206186,0.519177320733741,0,0.133333333333333,0,0,0.716981132075472,0,0,0,1,0,1,0,0,0,0
"291",1,0.690721649484536,0.324068927181768,0,0.133333333333333,1,0,0.716981132075472,1,0,0,0,1,1,0,0,0,0
"292",1,0.731958762886598,0.308504724847137,0,0.111111111111111,1,0,0.716981132075472,0,0,0,0,0,1,0,1,0,0
"293",1,0.43298969072165,0.286826014452474,0,0.122222222222222,0,0,0.716981132075472,0,0,0,0,0,1,0,0,0,0
"294",1,0.43298969072165,0.266259032795998,0,0.133333333333333,1,0,0.716981132075472,0,0,0,0,1,1,1,0,0,0
"295",1,0.855670103092783,0.810450250138966,0,0.133333333333333,1,0,0.415094339622642,0,0,0,1,0,1,1,0,0,0
"296",1,0.793814432989691,0.798499166203446,0,0.133333333333333,1,0,0.415094339622642,1,0,0,0,1,1,0,0,0,0
"297",1,0.65979381443299,0.764869371873263,0,0.111111111111111,0,0,0.415094339622642,0,0,0,1,0,1,0,1,0,0
"298",1,0.65979381443299,0.670094496942746,0,0.166666666666667,1,0,0.415094339622642,0,0,0,1,0,1,1,0,0,0
"299",1,0.54639175257732,0.647304057809894,0,0.133333333333333,0,1,0.415094339622642,0,0,0,0,0,1,0,1,0,0
"300",1,0.680412371134021,0.512506948304614,0,0.166666666666667,1,0,0.679245283018868,0,0,0,1,0,1,1,0,0,0
"301",1,0.43298969072165,0.510839355197332,0,0.155555555555556,1,0,0.679245283018868,0,0,0,0,0,1,1,0,0,0
"302",0,0.608247422680412,0.971650917176209,0,0.166666666666667,0,0,0.339622641509434,0,0,0,0,0,1,1,0,0,0
"303",0,0.608247422680412,0.869371873262924,0,0.133333333333333,1,0,0.415094339622642,0,0,0,1,0,1,0,1,0,0
"304",0,0.649484536082474,0.44219010561423,0,0.133333333333333,1,0,0.584905660377358,1,0,0,1,0,1,0,0,0,0
"305",0,0.587628865979381,0.420511395219566,0,0.122222222222222,1,1,0.584905660377358,0,0,0,1,0,1,1,0,0,0
"306",0,0.536082474226804,0.410505836575875,0,0.111111111111111,1,0,0.584905660377358,0,0,0,0,1,1,1,0,0,0
"307",0,0.711340206185567,0.24958310172318,0,0.122222222222222,0,0,0.528301886792453,1,0,0,1,0,1,0,0,0,0
"308",0,0.597938144329897,0.223735408560311,0,0.122222222222222,0,0,0.528301886792453,1,0,0,1,0,1,0,1,0,0
"309",0,0.11340206185567,0.919677598665925,0,0.111111111111111,1,0,0.471698113207547,0,0,0,1,0,1,1,0,0,0
"310",0,0.927835051546392,0.862145636464703,0,0.133333333333333,0,0,0.60377358490566,0,0,0,0,0,1,0,1,0,0
"311",0,0.814432989690722,0.757087270705948,0,0.155555555555556,1,0,0.60377358490566,0,0,0,1,0,1,1,0,0,0
"312",0,0.731958762886598,0.749861033907727,0,0.122222222222222,0,0,0.60377358490566,1,0,0,0,1,1,0,1,0,0
"313",0,0.597938144329897,0.529460811561979,0,0.144444444444444,1,0,0.547169811320755,0,0,0,0,0,1,0,0,0,0
"314",0,0.43298969072165,0.526403557531962,0,0.111111111111111,1,0,0.547169811320755,0,0,0,0,0,1,0,0,0,0
"315",0,0.268041237113402,0.514174541411895,0,0.133333333333333,1,1,0.547169811320755,0,0,0,0,0,1,0,1,0,0
"316",0,0.0927835051546392,0.504724847137298,0,0.122222222222222,1,1,0.547169811320755,0,0,0,0,1,1,0,1,0,0
"317",1,0.865979381443299,0.989160644802668,0,0.166666666666667,1,0,0.339622641509434,0,0,0,1,0,1,0,0,0,0
"318",1,0.288659793814433,0.781823235130628,0,0.133333333333333,1,0,0.339622641509434,0,0,0,0,1,1,0,1,0,0
"319",1,0.103092783505155,0.773763201778766,0,0.133333333333333,1,0,0.339622641509434,0,0,0,0,0,1,0,1,0,0
"320",1,0.360824742268041,0.513896609227348,0,0.111111111111111,1,0,0.415094339622642,0,0,0,0,1,1,0,0,0,0
"321",1,0.762886597938144,0.157309616453585,0,0.166666666666667,1,0,0.132075471698113,0,0,0,0,0,1,1,0,0,0
"322",1,0.865979381443299,0.836853807670928,0,0.211111111111111,1,0,0.39622641509434,0,0,0,0,0,1,0,1,0,0
"323",1,0.577319587628866,0.806281267370762,0,0.155555555555556,1,0,0.39622641509434,1,0,0,1,0,1,0,1,0,0
"324",1,0.762886597938144,0.572540300166759,0,0.266666666666667,0,0,0.471698113207547,1,0,0,0,0,1,0,0,0,0
"325",1,0.391752577319588,0.522512506948305,0,0.155555555555556,0,0,0.471698113207547,1,0,0,1,0,1,0,0,0,0
"326",1,0.381443298969072,0.33212896053363,0,0.2,1,0,0.528301886792453,1,0,0,1,0,1,1,0,0,0
"327",1,0.154639175257732,0.313507504168983,0,0.233333333333333,1,0,0.528301886792453,1,0,0,0,0,1,0,1,0,0
"328",1,0.164948453608247,0.200111172873819,0,0.166666666666667,1,0,0.660377358490566,1,0,0,0,1,1,0,1,0,0
"329",0,0.505154639175258,0.830739299610895,0,0.211111111111111,0,0,0.339622641509434,1,0,0,0,0,1,1,0,0,0
"330",0,0.329896907216495,0.809060589216231,0,0.144444444444444,1,0,0.339622641509434,1,0,0,1,0,1,0,1,0,0
"331",0,0.680412371134021,0.533073929961089,0,0.244444444444444,1,0,0.339622641509434,1,0,0,0,1,1,1,0,0,0
"332",0,0.463917525773196,0.512506948304614,0,0.144444444444444,1,0,0.339622641509434,1,0,0,0,1,1,1,0,0,0
"333",0,0.814432989690722,0.499722067815453,0,0.222222222222222,0,0,0.39622641509434,0,0,0,0,0,1,1,0,0,0
"334",0,0.752577319587629,0.0875486381322957,0,0.166666666666667,1,0,0.471698113207547,1,0,0,1,0,1,0,0,0,0
"335",1,0.649484536082474,0.336297943301834,0,0.177777777777778,1,0,0.0188679245283019,1,0,0,0,1,1,0,1,0,0
"336",1,0.536082474226804,0.313507504168983,0,0.211111111111111,1,0,0.0188679245283019,1,0,0,0,1,1,0,1,0,0
"337",1,0.360824742268041,0.219566425792107,0,0.188888888888889,1,1,0.0188679245283019,1,0,0,0,1,1,0,0,0,0
"338",1,0.247422680412371,0.213173985547526,0,0.222222222222222,1,0,0.0188679245283019,1,0,0,0,0,1,0,0,0,0
"339",1,0.690721649484536,0.118677042801556,0,0.144444444444444,1,0,0.0943396226415094,1,0,0,1,0,1,1,0,0,0
"340",1,0.927835051546392,0.0458588104502501,0,0.277777777777778,1,1,0.0943396226415094,1,0,0,1,0,0,0,1,0,0
"341",1,0.783505154639175,0.0327959977765425,0,0.233333333333333,1,0,0.0943396226415094,1,0,0,1,0,1,0,0,0,0
"342",1,0.474226804123711,0.00611450806003335,0,0.177777777777778,1,1,0.0943396226415094,1,0,0,0,1,1,0,0,0,0
"343",0,0.793814432989691,0.998610339077265,0,0.211111111111111,0,0,0.339622641509434,1,0,0,0,0,1,0,0,0,0
"344",0,0.587628865979381,0.965536409116176,0,0.177777777777778,1,0,0.339622641509434,1,0,0,0,1,1,1,0,0,0
"345",0,0.670103092783505,0.757365202890495,0,0.233333333333333,1,0,0.415094339622642,1,0,0,0,1,1,1,0,0,0
"346",0,0.0618556701030928,0.72846025569761,1,0.144444444444444,0,0,0.415094339622642,1,0,0,0,0,1,0,1,0,1
"347",0,0.463917525773196,0.60366870483602,0,0.144444444444444,0,0,0.547169811320755,1,0,0,1,0,1,0,1,0,0
"348",0,0.680412371134021,0.522512506948305,0,0.166666666666667,1,0,0.60377358490566,1,0,0,0,1,1,0,0,0,0
"349",0,0.43298969072165,0.519177320733741,0,0.177777777777778,1,0,0.60377358490566,1,0,0,1,0,1,0,0,0,0
"350",0,0.762886597938144,0.0478043357420789,0,0.244444444444444,1,0,0.226415094339623,1,0,0,0,0,0,0,0,0,0
"351",0,0.0721649484536082,0.0266814897165092,1,0.155555555555556,1,0,0.226415094339623,1,0,0,0,0,1,1,0,0,1
"352",0,0.144329896907216,0.920789327404113,0,0.177777777777778,1,0,0.339622641509434,1,0,0,1,0,1,0,1,0,0
"353",0,0.896907216494845,0.824068927181768,0,0.177777777777778,1,1,0.339622641509434,0,0,0,0,1,1,0,1,0,0
"354",0,0.721649484536082,0.41189549749861,0,0.255555555555556,1,0,0.415094339622642,1,0,0,0,1,1,0,0,0,0
"355",0,0.938144329896907,0.287659811006114,0,0.166666666666667,1,0,0.415094339622642,1,0,0,1,0,1,0,1,0,0
"356",0,0.22680412371134,0.222067815453029,0,0.166666666666667,1,0,0.415094339622642,1,0,0,1,0,1,0,1,0,0
"357",0,0.670103092783505,0.0742078932740411,0,0.144444444444444,1,0,0.358490566037736,1,0,0,0,1,1,1,0,0,0
"358",1,0.680412371134021,0.991662034463591,0,0.155555555555556,1,0,0.339622641509434,1,0,0,1,0,1,0,0,0,0
"359",1,0.587628865979381,0.882990550305725,0,0.166666666666667,1,0,0.339622641509434,1,0,0,0,1,1,0,0,0,0
"360",1,0.402061855670103,0.821011673151751,0,0.211111111111111,1,0,0.339622641509434,1,0,0,0,1,1,0,1,0,0
"361",1,0.752577319587629,0.535853251806559,0,0.166666666666667,1,0,0.339622641509434,1,0,0,1,0,1,0,0,0,0
"362",1,0.65979381443299,0.533073929961089,0,0.222222222222222,1,0,0.339622641509434,1,0,0,0,0,1,1,0,0,0
"363",1,0.639175257731959,0.520566981656476,0,0.222222222222222,1,0,0.339622641509434,0,0,0,0,1,1,0,0,0,0
"364",1,0.422680412371134,0.453029460811562,0,0.255555555555556,0,0,0.339622641509434,0,0,0,0,0,1,0,0,0,0
"365",1,0.195876288659794,0.231517509727626,0,0.2,1,0,0.339622641509434,1,0,0,1,0,1,0,0,0,0
"366",1,0.54639175257732,0.0903279599777654,0,0.144444444444444,1,0,0.471698113207547,1,0,0,1,0,1,1,0,0,0
"367",0,0.536082474226804,0.859366314619233,0,0.2,1,0,0.339622641509434,1,0,0,0,0,1,1,0,0,0
"368",0,0.814432989690722,0.536964980544747,0,0.2,0,0,0.283018867924528,1,0,0,0,0,1,0,1,0,0
"369",0,0.814432989690722,0.301278488048916,0,0.177777777777778,1,0,0.30188679245283,1,0,0,1,0,1,0,1,0,0
"370",0,0.762886597938144,0.288215675375208,0,0.2,0,0,0.30188679245283,0,0,0,0,0,1,0,1,0,0
"371",0,0.639175257731959,0.282657031684269,0,0.2,1,0,0.30188679245283,1,0,0,1,0,1,1,0,0,0
"372",0,0.680412371134021,0.169538632573652,0,0.277777777777778,1,0,0.207547169811321,1,0,0,0,1,1,0,0,0,0
"373",0,0.268041237113402,0.155642023346304,0,0.2,1,0,0.207547169811321,1,0,0,0,1,1,1,0,0,0
"374",0,0.402061855670103,0.0202890494719289,0,0.233333333333333,1,0,0.0188679245283019,1,0,0,0,0,1,0,1,0,0
"375",1,0.608247422680412,0.896609227348527,0,0.211111111111111,1,0,0.226415094339623,0,0,0,1,0,1,0,1,0,0
"376",1,0.45360824742268,0.862701500833797,0,0.211111111111111,1,0,0.226415094339623,1,0,0,0,0,1,0,0,0,0
"377",1,0.505154639175258,0.793218454697054,0,0.244444444444444,1,0,0.358490566037736,1,0,0,0,0,0,1,0,0,0
"378",1,0.731958762886598,0.442745969983324,0,0.177777777777778,1,0,0.113207547169811,0,0,0,0,1,1,0,1,0,0
"379",1,0.762886597938144,0.285992217898833,0,0.244444444444444,0,0,0.0566037735849057,1,0,0,0,0,1,0,1,0,0
"380",1,0.56701030927835,0.26514730405781,0,0.166666666666667,1,0,0.0566037735849057,1,0,0,1,0,1,0,1,0,0
"381",1,0.721649484536082,0.0614230127848805,0,0.255555555555556,1,0,0.0754716981132075,1,0,0,1,0,0,1,0,0,0
"382",1,0.855670103092783,0.0422456920511395,0,0.188888888888889,1,0,0.0754716981132075,0,0,0,0,1,1,0,1,0,0
"383",1,0.824742268041237,0.998888271261812,0,0.177777777777778,0,0,0.339622641509434,1,0,0,0,0,1,0,0,0,0
"384",1,0.577319587628866,0.961089494163424,0,0.166666666666667,1,0,0.339622641509434,1,0,0,1,0,1,0,0,0,0
"385",1,0.45360824742268,0.902167871039466,0,0.188888888888889,1,0,0.339622641509434,0,0,0,0,1,1,0,0,0,0
"386",1,0.938144329896907,0.822401334074486,0,0.188888888888889,1,0,0.39622641509434,1,0,0,0,1,1,0,0,0,0
"387",1,0.762886597938144,0.726514730405781,0,0.211111111111111,1,0,0.39622641509434,1,0,0,1,0,1,1,0,0,0
"388",1,0.556701030927835,0.695942190105614,0,0.155555555555556,1,0,0.39622641509434,1,0,0,0,1,1,0,1,0,0
"389",1,0,0.599221789883268,1,0.0777777777777778,1,0,0.39622641509434,1,0,0,0,0,1,1,0,0,1
"390",1,0.556701030927835,0.511395219566426,0,0.155555555555556,1,0,0.452830188679245,1,0,0,0,1,1,1,0,0,0
"391",1,0.577319587628866,0.506114508060033,0,0.255555555555556,1,0,0.452830188679245,0,0,0,1,0,1,0,0,0,0
"392",1,0.371134020618557,0.385491939966648,0,0.266666666666667,0,0,0.452830188679245,1,0,0,1,0,1,0,0,0,0
"393",1,0.288659793814433,0.369371873262924,0,0.188888888888889,1,0,0.452830188679245,0,0,0,0,0,1,0,1,0,0
"394",1,0,0.0722623679822123,1,0.0777777777777778,1,0,0.641509433962264,1,0,0,1,0,1,1,0,0,1
"395",0,0.402061855670103,0.805169538632574,0,0.222222222222222,1,0,0.207547169811321,1,0,0,1,0,1,0,1,0,0
"396",0,0.257731958762887,0.781823235130628,0,0.188888888888889,1,0,0.207547169811321,1,0,0,0,1,1,1,0,0,0
"397",0,0.577319587628866,0.698721511951084,0,0.222222222222222,0,0,0.339622641509434,1,0,0,0,0,1,0,1,0,0
"398",0,0.876288659793814,0.579210672595887,0,0.177777777777778,1,0,0.39622641509434,0,0,0,0,1,1,0,0,0,0
"399",0,0.783505154639175,0.498610339077265,0,0.177777777777778,1,0,0.39622641509434,1,0,0,0,0,1,0,1,0,0
"400",0,0.45360824742268,0.44774874930517,0,0.255555555555556,0,0,0.39622641509434,1,0,0,0,0,0,0,0,0,0
"401",0,0.381443298969072,0.303779877709839,0,0.277777777777778,1,0,0.528301886792453,1,0,0,0,0,1,0,0,0,0
"402",0,0.639175257731959,0.80461367426348,0,0.277777777777778,0,1,0.339622641509434,1,0,0,1,0,1,0,1,0,0
"403",0,0.257731958762887,0.770428015564202,0,0.244444444444444,1,0,0.339622641509434,0,0,0,1,0,1,0,0,0,0
"404",0,0,0.470817120622568,1,0.0777777777777778,0,0,0.415094339622642,1,0,0,0,0,1,0,1,0,1
"405",0,0.680412371134021,0.278765981100611,0,0.222222222222222,0,0,0.792452830188679,1,0,0,1,0,1,0,0,0,0
"406",0,0.402061855670103,0.196775986659255,0,0.233333333333333,0,0,0.679245283018868,1,0,0,0,0,1,0,0,0,0
"407",1,0.711340206185567,0.988882712618121,0,0.244444444444444,1,0,0.339622641509434,1,0,0,0,1,1,0,0,0,0
"408",1,0.474226804123711,0.962201222901612,0,0.144444444444444,1,0,0.339622641509434,1,0,0,0,1,1,0,1,0,0
"409",1,0.45360824742268,0.921623123957754,0,0.177777777777778,1,0,0.339622641509434,0,0,0,1,0,1,1,0,0,0
"410",1,0.536082474226804,0.813229571984436,0,0.211111111111111,1,0,0.339622641509434,1,0,0,0,1,1,0,0,0,0
"411",1,0.22680412371134,0.521678710394664,0,0.2,1,0,0.716981132075472,1,0,0,1,0,1,1,0,0,0
"412",1,0.618556701030928,0.453307392996109,0,0.177777777777778,1,0,0.773584905660377,0,0,0,1,0,1,0,0,0,0
"413",1,0.22680412371134,0.609505280711506,0,0.277777777777778,1,0,0.415094339622642,1,0,0,1,0,1,0,0,0,0
"414",1,0.350515463917526,0.50917176209005,0,0.155555555555556,1,0,0.679245283018868,1,0,0,1,0,1,0,0,0,0
"415",1,0.742268041237113,0.343802112284603,0,0.277777777777778,0,0,0.735849056603774,1,0,0,0,0,1,1,0,0,0
"416",1,0.536082474226804,0.320733740967204,0,0.233333333333333,1,0,0.735849056603774,1,0,0,1,0,1,0,1,0,0
"417",1,0.65979381443299,0.0669816564758199,0,0.222222222222222,1,0,1,1,0,0,0,1,1,1,0,0,0
"418",0,0.515463917525773,0.962201222901612,0,0.177777777777778,0,0,0.339622641509434,1,0,0,1,0,1,0,0,0,0
"419",0,0.762886597938144,0.885769872151195,0,0.211111111111111,0,0,0.415094339622642,1,0,0,0,0,1,0,1,0,0
"420",0,0.752577319587629,0.777376320177877,0,0.2,1,0,0.471698113207547,0,0,0,1,0,1,0,1,0,0
"421",0,0.628865979381443,0.766536964980545,0,0.144444444444444,0,0,0.471698113207547,1,0,0,0,1,1,0,1,0,0
"422",0,0.556701030927835,0.758476931628683,0,0.233333333333333,0,1,0.471698113207547,1,0,0,0,0,1,1,0,0,0
"423",0,0.494845360824742,0.590605892162312,0,0.222222222222222,0,0,0.471698113207547,1,0,0,1,0,1,0,0,0,0
"424",0,0.257731958762887,0.503891050583658,0,0.255555555555556,1,0,0.528301886792453,1,0,0,0,0,1,1,0,0,0
"425",0,0.989690721649485,0.461645358532518,0,0.222222222222222,0,0,0.584905660377358,1,0,0,1,0,1,0,0,0,0
"426",0,0.505154639175258,0.00305725403001668,0,0.177777777777778,1,0,0.264150943396226,1,0,0,0,0,1,1,0,0,0
"427",0,0.793814432989691,0.989716509171762,0,0.188888888888889,1,0,0.339622641509434,1,0,0,1,0,1,1,0,0,0
"428",0,0.639175257731959,0.965536409116176,0,0.244444444444444,1,0,0.339622641509434,1,0,0,1,0,1,0,0,0,0
"429",0,0.247422680412371,0.938299055030573,0,0.211111111111111,0,0,0.471698113207547,1,0,0,0,0,1,0,1,0,0
"430",0,0.0721649484536082,0.909394107837688,0,0.155555555555556,1,0,0.471698113207547,1,0,0,0,1,1,0,0,0,1
"431",0,0.443298969072165,0.807115063924402,0,0.244444444444444,0,0,0.60377358490566,1,0,0,1,0,1,0,1,0,0
"432",0,0.309278350515464,0.788493607559755,0,0.2,1,0,0.60377358490566,0,0,0,0,1,1,0,1,0,0
"433",0,0.762886597938144,0.653140633685381,0,0.244444444444444,0,0,0.547169811320755,1,0,0,0,0,1,0,0,0,0
"434",0,0.536082474226804,0.625903279599778,0,0.2,1,0,0.547169811320755,1,0,0,0,1,1,1,0,0,0
"435",0,0.577319587628866,0.597554196775987,0,0.255555555555556,1,0,0.547169811320755,0,0,0,1,0,1,1,0,0,0
"436",0,0.391752577319588,0.519733185102835,0,0.2,1,0,0.547169811320755,1,0,0,0,1,1,0,1,0,0
"437",0,0.206185567010309,0.51195108393552,0,0.155555555555556,1,0,0.547169811320755,1,0,0,1,0,1,1,0,0,0
"438",0,0.731958762886598,0.421901056142301,0,0.222222222222222,1,0,0.60377358490566,1,0,0,0,1,1,0,0,0,0
"439",0,0.525773195876289,0.269594219010561,0,0.155555555555556,1,0,0.547169811320755,1,0,0,1,0,1,0,0,0,0
"440",0,0.896907216494845,0.179544191217343,0,0.255555555555556,1,0,0.566037735849057,1,0,0,0,1,0,0,0,0,0
"441",0,0.979381443298969,0.0725403001667593,0,0.222222222222222,0,0,0.566037735849057,1,0,0,0,0,1,0,0,0,0
"442",0,0.515463917525773,0.0550305725403002,0,0.177777777777778,0,0,0.566037735849057,1,0,0,1,0,1,1,0,0,0
"443",1,0.77319587628866,0.977765425236242,0,0.266666666666667,1,0,0.339622641509434,1,0,0,0,1,1,0,0,0,0
"444",1,0.587628865979381,0.969983324068927,0,0.233333333333333,0,0,0.339622641509434,1,0,0,0,0,1,0,1,0,0
"445",1,0.206185567010309,0.936909394107838,0,0.244444444444444,1,0,0.339622641509434,1,0,0,1,0,1,1,0,0,0
"446",1,0.762886597938144,0.699833240689272,0,0.233333333333333,0,0,0.415094339622642,1,0,0,0,0,1,1,0,0,0
"447",1,0.65979381443299,0.138410227904391,0,0.177777777777778,1,1,0.132075471698113,1,0,0,0,0,1,0,1,0,0
"448",1,0.690721649484536,0.976653696498054,0,0.822222222222222,1,0,0.339622641509434,1,0,0,0,1,1,1,0,0,1
"449",1,0.804123711340206,0.945525291828794,0,0.533333333333333,1,0,0.471698113207547,1,0,0,0,0,0,0,1,0,0
"450",1,0.371134020618557,0.933296275708727,0,0.3,1,0,0.471698113207547,1,0,0,0,0,0,1,0,0,0
"451",1,0.494845360824742,0.795719844357977,0,0.611111111111111,0,0,0.39622641509434,1,0,0,0,0,0,0,1,0,1
"452",1,0.762886597938144,0.693162868260145,0,0.522222222222222,0,0,0.471698113207547,1,0,0,0,0,0,0,0,0,0
"453",1,0.309278350515464,0.671762090050028,0,0.311111111111111,1,0,0.471698113207547,1,0,0,1,0,1,0,0,0,0
"454",0,0.938144329896907,0.726236798221234,0,0.377777777777778,1,0,0.39622641509434,1,0,0,0,0,0,0,1,0,0
"455",0,0.350515463917526,0.504168982768205,0,0.411111111111111,1,0,0.339622641509434,1,0,0,1,0,0,0,1,0,0
"456",1,0.711340206185567,0.846303501945525,0,0.322222222222222,0,0,0.0754716981132075,1,0,0,1,0,0,0,1,0,0
"457",1,0.56701030927835,0.775986659255142,0,0.4,1,0,0.0754716981132075,1,0,0,0,0,0,0,1,0,0
"458",1,0.824742268041237,0.487493051695386,0,0.288888888888889,1,0,0.0754716981132075,1,0,0,1,0,0,1,0,0,0
"459",1,0.628865979381443,0.467759866592551,0,0.588888888888889,1,0,0.0754716981132075,1,0,0,0,1,0,0,1,0,0
"460",1,0.670103092783505,0.245692051139522,0,0.388888888888889,1,0,0.0188679245283019,1,0,0,0,0,1,1,0,0,0
"461",1,0.371134020618557,0,0,0.311111111111111,1,0,0.0943396226415094,1,0,0,1,0,0,1,0,0,0
"462",0,0.247422680412371,0.891050583657588,0,0.344444444444444,0,0,0.339622641509434,1,0,0,0,0,1,0,0,0,1
"463",0,0.463917525773196,0.740689271817677,0,0.5,0,0,0.415094339622642,1,0,0,1,0,0,0,1,0,0
"464",0,0.391752577319588,0.591161756531406,0,0.377777777777778,1,0,0.547169811320755,1,0,0,1,0,0,0,1,0,0
"465",0,0.649484536082474,0.190939410783769,0,0.288888888888889,0,0,0.283018867924528,1,0,0,0,0,1,0,0,0,0
"466",0,0.597938144329897,0.0400222345747638,0,0.366666666666667,1,1,0.226415094339623,1,0,0,0,0,0,0,0,0,0
"467",0,0.350515463917526,0.0289049471928849,0,0.366666666666667,1,0,0.226415094339623,1,0,0,1,0,1,1,0,0,0
"468",0,0.175257731958763,0.778210116731518,0,0.266666666666667,1,0,0.339622641509434,1,0,0,0,0,1,1,0,0,1
"469",0,0.77319587628866,0.57893274041134,0,0.644444444444444,1,0,0.471698113207547,1,0,0,0,1,0,0,0,0,0
"470",1,0.845360824742268,0.758198999444136,0,0.366666666666667,0,0,0.39622641509434,1,0,0,0,0,0,0,0,0,0
"471",1,0.865979381443299,0.295163979988883,0,0.355555555555556,0,0,0.339622641509434,1,0,0,0,0,1,0,0,0,0
"472",1,0.381443298969072,0.0547526403557532,0,0.288888888888889,0,0,0.471698113207547,1,0,0,0,1,1,0,0,0,0
"473",0,0.690721649484536,0.533073929961089,0,0.6,1,0,0.283018867924528,1,0,0,0,0,0,1,0,0,0
"474",0,0.278350515463918,0.528071150639244,0,0.366666666666667,1,0,0.283018867924528,1,0,0,1,0,1,0,1,0,0
"475",0,0.752577319587629,0.489438576987215,0,0.433333333333333,1,0,0.358490566037736,1,0,0,0,1,0,0,1,0,0
"476",0,0.206185567010309,0.0172317954419122,0,0.288888888888889,1,0,0.0188679245283019,1,0,0,1,0,0,0,1,0,0
"477",1,0.804123711340206,0.929683157309616,0,0.322222222222222,1,0,0.226415094339623,1,0,0,0,0,1,1,0,0,0
"478",1,0.237113402061856,0.833518621456365,0,0.333333333333333,1,0,0.226415094339623,1,0,0,0,1,1,0,1,0,1
"479",1,0.257731958762887,0.227348526959422,0,0.322222222222222,1,0,0.0566037735849057,1,0,0,1,0,0,0,1,0,0
"480",1,0.618556701030928,0.919121734296832,0,0.3,1,0,0.339622641509434,0,0,0,0,0,0,0,1,0,0
"481",1,0.216494845360825,0.272373540856031,0,0.3,1,0,0.509433962264151,1,0,0,1,0,0,1,0,0,0
"482",0,0.77319587628866,0.461645358532518,0,0.411111111111111,1,0,0.39622641509434,1,0,0,0,1,1,0,1,0,0
"483",0,0.680412371134021,0.878821567537521,0,0.333333333333333,1,0,0.339622641509434,1,0,0,0,1,1,0,0,0,0
"484",0,0.412371134020619,0.788493607559755,0,0.288888888888889,0,1,0.339622641509434,1,0,0,1,0,1,0,1,0,0
"485",0,0.45360824742268,0.61923290717065,0,0.333333333333333,0,0,0.339622641509434,1,0,0,1,0,1,1,0,0,0
"486",0,0.536082474226804,0.478321289605336,0,0.466666666666667,0,0,0.415094339622642,1,0,0,0,0,0,0,1,0,0
"487",0,0.65979381443299,0.368260144524736,0,0.788888888888889,0,1,0.811320754716981,1,0,0,0,0,1,1,0,0,1
"488",1,0.402061855670103,0.809060589216231,0,0.344444444444444,0,0,0.339622641509434,1,0,0,0,0,0,0,1,0,0
"489",1,0.814432989690722,0.667315175097276,0,0.422222222222222,1,0,0.584905660377358,1,0,0,0,1,0,0,0,0,0
"490",1,0.278350515463918,0.65230683713174,0,0.366666666666667,1,0,0.584905660377358,1,0,0,1,0,1,0,0,0,0
"491",1,0.54639175257732,0.540300166759311,0,0.4,0,0,0.716981132075472,1,0,0,0,0,0,0,1,0,0
"492",1,0.670103092783505,0.50639244024458,0,0.311111111111111,1,0,0.773584905660377,1,0,0,0,0,0,0,1,0,0
"493",1,0.690721649484536,0.298777098387993,0,0.344444444444444,1,0,0.716981132075472,1,0,0,1,0,1,0,1,0,0
"494",1,0.525773195876289,0.860755975541968,0,0.566666666666667,0,0,0.283018867924528,1,0,0,0,0,1,0,1,0,0
"495",1,0.298969072164948,0.528071150639244,0,0.4,0,0,0.547169811320755,1,0,0,0,0,0,0,0,0,1
"496",1,0.855670103092783,0.484713729849917,0,1,1,0,0.735849056603774,1,0,0,0,1,1,0,1,0,1
"497",1,0.443298969072165,0.283212896053363,0,0.555555555555556,1,0,0.735849056603774,1,0,0,0,1,0,1,0,0,1
"498",1,0.134020618556701,0.18260144524736,0,0.222222222222222,0,0,0.867924528301887,1,0,0,1,0,1,0,1,0,1
"499",0,0.402061855670103,0.943857698721512,0,0.511111111111111,0,0,0.339622641509434,1,0,0,1,0,1,1,0,0,1
"500",0,0.54639175257732,0.858532518065592,0,0.466666666666667,1,0,0.415094339622642,1,0,0,0,1,0,0,0,0,0
"501",0,0.680412371134021,0.51556420233463,0,0.3,1,1,0.528301886792453,1,0,0,0,0,1,0,0,0,0
"502",0,0.463917525773196,0.505280711506392,0,0.288888888888889,1,0,0.528301886792453,1,0,0,0,1,1,1,0,0,0
"503",0,0.422680412371134,0.95136186770428,0,0.344444444444444,0,0,0.339622641509434,1,0,0,0,0,0,0,0,0,0
"504",0,0.845360824742268,0.840188993885492,0,0.333333333333333,1,0,0.60377358490566,1,0,0,0,1,0,0,0,0,0
"505",0,0.587628865979381,0.412173429683157,0,0.3,0,0,0.60377358490566,1,0,0,0,0,0,0,0,0,0
"506",0,0.88659793814433,0.289605336297943,0,0.422222222222222,0,0,0.547169811320755,1,0,0,0,0,0,0,0,0,0
"507",0,0.835051546391753,0.0603112840466926,0,0.411111111111111,0,0,0.566037735849057,1,0,0,0,0,0,0,0,0,0
"508",1,0.721649484536082,0.826292384658143,0,0.433333333333333,1,0,0.339622641509434,1,0,0,0,1,1,0,0,0,0
"509",1,0.762886597938144,0.28349082823791,0,0.3,1,0,0.264150943396226,1,0,0,0,0,1,0,0,0,0
