"","home_team","yardline_100","game_seconds_remaining","goal_to_go","yards_gained","shotgun","no_huddle","score_differential","first_down_pass","incomplete_pass","interception","down_2","down_3","down_4","pass_length_short","pass_location_middle","pass_location_right","td_team_1"
"1",1,0.84375,0.878055555555556,0,0.319444444444444,1,0,0.480769230769231,1,0,0,0,1,0,0,1,0,0
"2",1,0.34375,0.841944444444444,0,0.513888888888889,1,0,0.480769230769231,1,0,0,0,1,0,0,0,1,1
"3",1,0.46875,0.75,0,0.305555555555556,1,0,0.480769230769231,1,0,0,1,0,0,1,1,0,0
"4",1,0.760416666666667,0.632222222222222,0,0.986111111111111,0,0,0.480769230769231,1,0,0,0,0,0,0,1,0,0
"5",1,0.65625,0.163333333333333,0,0.513888888888889,1,1,0.211538461538462,1,0,0,0,0,0,0,0,1,0
"6",1,0.197916666666667,0.0333333333333333,0,0.319444444444444,1,0,0.269230769230769,1,0,0,0,0,0,0,0,1,1
"7",0,0.75,0.166388888888889,0,0.458333333333333,1,0,0.480769230769231,1,0,0,0,1,0,0,0,1,0
"8",0,0.53125,0.154166666666667,0,0.305555555555556,1,0,0.480769230769231,1,0,0,0,0,0,1,0,0,0
"9",1,0.510416666666667,0.895,0,0.416666666666667,0,0,0.807692307692308,1,0,0,0,0,0,0,0,1,0
"10",1,0.208333333333333,0.861666666666667,0,0.333333333333333,1,0,0.807692307692308,1,0,0,0,1,0,0,0,0,1
"11",1,0.8125,0.440833333333333,0,0.541666666666667,0,0,0.942307692307692,1,0,0,0,0,0,0,0,1,0
"12",0,0.34375,0.831944444444444,0,0.361111111111111,1,0,0.538461538461538,1,0,0,0,0,0,0,0,1,0
"13",0,0.59375,0.0216666666666667,0,0.472222222222222,1,0,0.653846153846154,1,0,0,0,0,0,0,0,0,0
"14",0,0.760416666666667,0.906388888888889,0,0.305555555555556,0,0,0.538461538461538,1,0,0,0,0,0,1,0,1,0
"15",0,0.364583333333333,0.876111111111111,0,0.541666666666667,0,0,0.538461538461538,1,0,0,0,0,0,0,0,0,1
"16",0,0.84375,0.662777777777778,0,0.513888888888889,0,0,0.403846153846154,1,0,0,0,0,0,1,0,1,0
"17",0,0.458333333333333,0.640833333333333,0,0.444444444444444,1,0,0.403846153846154,1,0,0,1,0,0,0,0,1,0
"18",0,0.635416666666667,0.435833333333333,0,0.458333333333333,1,0,0.461538461538462,1,0,0,1,0,0,1,1,0,0
"19",0,0.3125,0.427777777777778,0,0.458333333333333,0,0,0.461538461538462,1,0,0,0,0,0,0,0,1,0
"20",0,0.96875,0.0263888888888889,0,0.388888888888889,1,0,0.538461538461538,1,0,0,0,1,0,0,0,0,0
"21",1,0.541666666666667,0.629444444444444,0,0.333333333333333,1,0,0.615384615384615,1,0,0,0,1,0,0,1,0,0
"22",1,0.760416666666667,0.5,0,0.305555555555556,0,0,0.673076923076923,1,0,0,0,0,0,1,0,0,0
"23",1,0.666666666666667,0.380555555555556,0,0.347222222222222,1,0,0.615384615384615,1,0,0,0,1,0,1,0,1,0
"24",0,0.385416666666667,0.961666666666667,0,0.430555555555556,1,0,0.673076923076923,1,0,0,1,0,0,0,0,1,0
"25",0,0.40625,0.632222222222222,0,0.486111111111111,1,0,0.673076923076923,1,0,0,0,1,0,0,0,1,0
"26",0,0.6875,0.515833333333333,0,0.430555555555556,1,0,0.596153846153846,1,0,0,1,0,0,0,1,0,0
"27",0,0.4375,0.510555555555556,0,0.486111111111111,1,0,0.596153846153846,1,0,0,0,1,0,0,0,1,0
"28",0,0.552083333333333,0.25,0,0.680555555555556,1,0,0.653846153846154,1,0,0,0,0,0,1,1,0,0
"29",1,0.708333333333333,0.773333333333333,0,1,1,0,0.653846153846154,1,0,0,1,0,0,0,1,0,1
"30",1,0.90625,0.675277777777778,0,0.430555555555556,1,0,0.788461538461538,1,0,0,0,1,0,0,0,1,0
"31",1,0.447916666666667,0.307777777777778,0,0.388888888888889,0,0,0.903846153846154,1,0,0,0,0,0,1,1,0,0
"32",1,0.71875,0.587222222222222,0,0.458333333333333,1,0,0.5,1,0,0,0,1,0,1,1,0,0
"33",1,0.395833333333333,0.201111111111111,0,0.305555555555556,1,0,0.365384615384615,1,0,0,0,1,0,0,1,0,0
"34",1,0.760416666666667,0.0719444444444444,0,0.458333333333333,1,0,0.230769230769231,1,0,0,0,0,0,0,0,1,0
"35",1,0.53125,0.00527777777777778,0,0.347222222222222,1,0,0.230769230769231,1,0,0,1,0,0,0,1,0,0
"36",0,0.333333333333333,0.867222222222222,0,0.5,1,0,0.673076923076923,1,0,0,1,0,0,1,1,0,1
"37",0,0.8125,0.0458333333333333,0,0.361111111111111,1,1,0.211538461538462,1,0,0,0,1,0,0,0,0,0
"38",0,0.1875,0.0180555555555556,0,0.305555555555556,1,1,0.211538461538462,1,0,0,0,0,0,0,0,1,1
"39",0,0.739583333333333,0.595,0,0.402777777777778,0,0,0.538461538461538,1,0,0,1,0,0,1,0,1,0
"40",0,0.53125,0.339166666666667,0,0.319444444444444,1,0,0.0576923076923077,1,0,0,0,0,0,0,1,0,0
"41",0,0.71875,0.0686111111111111,0,0.333333333333333,1,0,0.25,1,0,0,0,0,0,1,0,0,0
"42",1,0.760416666666667,0.881666666666667,0,0.569444444444444,1,0,0.673076923076923,1,0,0,0,1,0,0,0,0,0
"43",1,0.6875,0.771944444444444,0,0.305555555555556,1,0,0.423076923076923,1,0,0,0,1,0,1,0,1,0
"44",1,0.364583333333333,0.25,0,0.444444444444444,1,0,0.288461538461538,1,0,0,0,0,0,0,0,1,0
"45",1,0.333333333333333,0.904166666666667,0,0.333333333333333,1,0,0.673076923076923,1,0,0,0,1,0,0,0,1,0
"46",0,0.697916666666667,0.920277777777778,0,0.791666666666667,1,0,0.538461538461538,1,0,0,0,1,0,0,0,0,0
"47",0,0.65625,0.374166666666667,0,0.305555555555556,0,0,0.423076923076923,1,0,0,0,0,0,0,0,0,0
"48",0,0.375,0.015,0,0.319444444444444,1,0,0.615384615384615,1,0,0,0,0,0,1,1,0,0
"49",0,0.625,0.211388888888889,0,0.305555555555556,1,0,0.326923076923077,1,0,0,0,0,0,1,0,1,0
"50",0,0.416666666666667,0.202222222222222,0,0.611111111111111,1,0,0.326923076923077,1,0,0,0,0,0,0,0,1,1
"51",0,0.270833333333333,0.0958333333333333,0,0.347222222222222,1,0,0.442307692307692,1,0,0,0,0,1,0,0,1,0
"52",1,0.291666666666667,0.878611111111111,0,0.361111111111111,0,0,0.615384615384615,1,0,0,1,0,0,1,0,1,0
"53",1,0.59375,0.604722222222222,0,0.652777777777778,1,0,0.596153846153846,1,0,0,0,1,0,0,0,0,0
"54",1,0.46875,0.869444444444444,0,0.166666666666667,1,0,0.480769230769231,1,0,0,0,0,0,1,0,0,0
"55",1,0.708333333333333,0.7825,0,0.138888888888889,1,0,0.480769230769231,1,0,0,1,0,0,1,0,0,0
"56",1,0.291666666666667,0.705,0,0.180555555555556,1,0,0.480769230769231,0,0,0,0,1,0,1,0,0,0
"57",1,0.6875,0.470277777777778,0,0.194444444444444,1,0,0.480769230769231,1,0,0,0,1,0,1,0,1,0
"58",1,0.78125,0.1725,0,0.194444444444444,1,1,0.211538461538462,1,0,0,1,0,0,1,1,0,0
"59",1,0.135416666666667,0.127777777777778,0,0.236111111111111,1,1,0.211538461538462,1,0,0,1,0,0,1,0,0,1
"60",1,0.666666666666667,0.0513888888888889,0,0.152777777777778,1,0,0.269230769230769,1,0,0,1,0,0,1,1,0,0
"61",1,0.364583333333333,0.0411111111111111,0,0.25,1,0,0.269230769230769,1,0,0,0,1,0,0,1,0,0
"62",0,0.729166666666667,0.989722222222222,0,0.152777777777778,1,0,0.673076923076923,1,0,0,1,0,0,1,0,0,0
"63",0,0.4375,0.601944444444444,0,0.25,1,0,0.615384615384615,1,0,0,1,0,0,1,0,1,0
"64",0,0.75,0.436111111111111,0,0.166666666666667,1,0,0.615384615384615,1,0,0,1,0,0,1,0,0,0
"65",0,0.645833333333333,0.361111111111111,0,0.222222222222222,0,0,0.615384615384615,1,0,0,0,0,0,1,0,0,0
"66",0,0.322916666666667,0.143055555555556,0,0.208333333333333,1,0,0.480769230769231,1,0,0,0,0,0,1,0,0,0
"67",0,0.291666666666667,0.126666666666667,0,0.166666666666667,1,0,0.480769230769231,0,0,0,0,0,0,1,1,0,0
"68",0,0.572916666666667,0.0216666666666667,0,0.194444444444444,1,0,0.538461538461538,1,0,0,0,1,0,1,0,1,0
"69",0,0.447916666666667,0.0197222222222222,0,0.222222222222222,1,0,0.538461538461538,1,0,0,0,0,0,1,0,1,0
"70",1,0.822916666666667,0.980555555555556,0,0.236111111111111,1,0,0.673076923076923,0,0,0,1,0,0,1,0,1,0
"71",1,0.0520833333333333,0.968611111111111,1,0.125,0,0,0.673076923076923,1,0,0,0,0,0,1,0,0,1
"72",1,0.864583333333333,0.728055555555556,0,0.180555555555556,1,0,0.942307692307692,1,0,0,1,0,0,1,0,1,0
"73",1,0.864583333333333,0.506388888888889,0,0.152777777777778,1,1,0.942307692307692,1,0,0,1,0,0,1,1,0,0
"74",1,0.427083333333333,0.417222222222222,0,0.236111111111111,1,0,0.942307692307692,1,0,0,1,0,0,1,0,0,0
"75",1,0.447916666666667,0.171111111111111,0,0.194444444444444,1,0,0.865384615384615,1,0,0,0,1,0,1,0,0,0
"76",0,0.65625,0.867222222222222,0,0.291666666666667,0,0,0.538461538461538,1,0,0,0,0,0,1,0,1,0
"77",0,0.427083333333333,0.513611111111111,0,0.194444444444444,1,0,0.403846153846154,1,0,0,0,0,0,1,0,1,0
"78",0,0.458333333333333,0.437777777777778,0,0.125,1,0,0.461538461538462,1,0,0,1,0,0,1,0,1,0
"79",0,0.427083333333333,0.411666666666667,0,0.291666666666667,1,0,0.461538461538462,1,0,0,0,1,0,0,1,0,0
"80",0,0.0520833333333333,0.329444444444444,0,0.125,1,0,0.461538461538462,1,0,0,0,1,0,1,0,0,1
"81",0,0.166666666666667,0.271111111111111,0,0.277777777777778,1,0,0.596153846153846,1,0,0,1,0,0,1,1,0,1
"82",0,0.3125,0.0675,0,0.208333333333333,1,0,0.730769230769231,1,0,0,0,1,0,1,0,0,0
"83",0,0.260416666666667,0.0175,0,0.263888888888889,1,0,0.653846153846154,1,0,0,1,0,0,1,0,0,0
"84",0,0.520833333333333,0.8875,0,0.236111111111111,1,0,0.538461538461538,1,0,0,1,0,0,1,0,0,0
"85",0,0.760416666666667,0.776388888888889,0,0.194444444444444,1,0,0.538461538461538,1,0,0,0,0,0,1,1,0,0
"86",0,0.09375,0.603611111111111,0,0.180555555555556,1,0,0.403846153846154,1,0,0,0,1,0,1,0,0,1
"87",0,0.541666666666667,0.540555555555556,0,0.180555555555556,1,0,0.538461538461538,1,0,0,1,0,0,1,0,1,0
"88",0,0.385416666666667,0.525,0,0.222222222222222,1,0,0.538461538461538,1,0,0,1,0,0,1,0,0,0
"89",0,0.760416666666667,0.469444444444444,0,0.277777777777778,1,0,0.461538461538462,1,0,0,1,0,0,1,0,1,0
"90",0,0.708333333333333,0.0572222222222222,0,0.166666666666667,1,0,0.538461538461538,1,0,0,1,0,0,1,0,0,0
"91",0,0.697916666666667,0.0194444444444444,0,0.180555555555556,1,1,0.538461538461538,1,0,0,0,0,0,1,0,1,0
"92",0,0.583333333333333,0.0161111111111111,0,0.208333333333333,1,0,0.538461538461538,1,0,0,1,0,0,1,0,1,0
"93",1,0.885416666666667,0.950833333333333,0,0.125,1,0,0.673076923076923,1,0,0,1,0,0,1,0,0,0
"94",1,0.708333333333333,0.6625,0,0.194444444444444,0,0,0.615384615384615,1,0,0,0,0,0,1,0,1,0
"95",1,0.28125,0.609444444444444,0,0.152777777777778,1,0,0.615384615384615,1,0,0,1,0,0,1,1,0,0
"96",1,0.15625,0.580833333333333,0,0.152777777777778,1,0,0.615384615384615,1,0,0,0,1,0,1,0,0,0
"97",1,0.822916666666667,0.515555555555556,0,0.166666666666667,1,0,0.673076923076923,1,0,0,1,0,0,1,1,0,0
"98",1,0.583333333333333,0.183611111111111,0,0.166666666666667,1,0,0.538461538461538,1,0,0,1,0,0,1,0,0,0
"99",1,0.5625,0.166666666666667,0,0.25,1,0,0.538461538461538,0,0,0,0,1,0,1,1,0,0
"100",0,0.760416666666667,1,0,0.222222222222222,1,0,0.673076923076923,1,0,0,0,0,0,1,0,1,0
"101",0,0.114583333333333,0.939444444444444,1,0.194444444444444,1,0,0.673076923076923,0,0,0,0,1,0,1,1,0,0
"102",0,0.572916666666667,0.663333333333333,0,0.125,1,0,0.673076923076923,1,0,0,1,0,0,1,0,1,0
"103",0,0.760416666666667,0.5625,0,0.222222222222222,0,0,0.730769230769231,1,0,0,0,0,0,1,0,0,0
"104",0,0.302083333333333,0.4075,0,0.166666666666667,1,0,0.653846153846154,1,0,0,1,0,0,1,0,0,0
"105",1,0.614583333333333,0.646944444444444,0,0.222222222222222,1,0,0.788461538461538,1,0,0,0,1,0,1,0,0,0
"106",1,0.3125,0.604444444444444,0,0.166666666666667,1,0,0.788461538461538,1,0,0,0,0,0,1,0,1,0
"107",1,0.166666666666667,0.570833333333333,0,0.180555555555556,1,0,0.788461538461538,1,0,0,0,1,0,1,0,1,0
"108",1,0.614583333333333,0.522222222222222,0,0.138888888888889,1,0,0.846153846153846,1,0,0,1,0,0,1,0,1,0
"109",1,0.53125,0.520555555555556,0,0.263888888888889,1,0,0.846153846153846,1,0,0,0,0,0,1,0,0,0
"110",1,0.375,0.510555555555556,0,0.208333333333333,1,0,0.846153846153846,1,0,0,0,1,0,1,1,0,0
"111",1,0.625,0.198333333333333,0,0.180555555555556,0,0,0.807692307692308,1,0,0,1,0,0,1,0,1,0
"112",1,0.229166666666667,0.12,0,0.236111111111111,1,0,0.807692307692308,1,0,0,0,1,0,1,0,0,0
"113",1,0.0625,0.0727777777777778,1,0.138888888888889,1,0,0.807692307692308,1,0,0,0,1,0,1,0,1,1
"114",1,0.270833333333333,0.554722222222222,0,0.194444444444444,1,0,0.5,1,0,0,1,0,0,1,0,0,0
"115",1,0.520833333333333,0.501666666666667,0,0.263888888888889,1,0,0.557692307692308,1,0,0,0,0,0,1,1,0,0
"116",1,0.760416666666667,0.488055555555556,0,0.291666666666667,1,0,0.557692307692308,1,0,0,1,0,0,1,0,1,0
"117",1,0.520833333333333,0.469166666666667,0,0.222222222222222,1,0,0.557692307692308,1,0,0,1,0,0,1,0,1,0
"118",1,0.791666666666667,0.25,0,0.222222222222222,1,0,0.365384615384615,1,0,0,1,0,0,1,0,0,0
"119",1,0.645833333333333,0.240833333333333,0,0.277777777777778,1,0,0.365384615384615,1,0,0,1,0,0,1,0,0,0
"120",1,0.8125,0.135833333333333,0,0.25,1,0,0.365384615384615,1,0,0,0,0,0,1,0,1,0
"121",1,0.645833333333333,0.128333333333333,0,0.208333333333333,1,1,0.365384615384615,1,0,0,0,0,0,1,0,0,0
"122",1,0.875,0.0222222222222222,0,0.263888888888889,1,1,0.230769230769231,1,0,0,0,0,0,1,1,0,0
"123",1,0.65625,0.00833333333333333,0,0.194444444444444,1,1,0.230769230769231,1,0,0,1,0,0,1,0,0,0
"124",0,0.802083333333333,0.998611111111111,0,0.194444444444444,1,0,0.673076923076923,1,0,0,0,0,0,1,0,0,0
"125",0,0.541666666666667,0.891944444444444,0,0.236111111111111,1,0,0.673076923076923,1,0,0,0,1,0,1,0,0,0
"126",0,0.614583333333333,0.504722222222222,0,0.194444444444444,1,0,0.615384615384615,1,0,0,0,0,0,1,0,1,0
"127",0,0.479166666666667,0.500555555555556,0,0.277777777777778,1,0,0.615384615384615,1,0,0,0,1,0,1,0,1,0
"128",0,0.729166666666667,0.3775,0,0.194444444444444,1,0,0.480769230769231,1,0,0,0,1,0,1,0,1,0
"129",0,0.604166666666667,0.351944444444444,0,0.166666666666667,1,0,0.480769230769231,1,0,0,0,1,0,1,0,1,0
"130",0,0.708333333333333,0.203611111111111,0,0.138888888888889,1,1,0.211538461538462,1,0,0,1,0,0,1,1,0,0
"131",0,0.46875,0.0358333333333333,0,0.222222222222222,1,0,0.211538461538462,1,0,0,1,0,0,1,0,0,0
"132",0,0.6875,0.974722222222222,0,0.222222222222222,1,0,0.673076923076923,1,0,0,0,1,0,1,0,0,0
"133",0,0.375,0.941666666666667,0,0.166666666666667,1,0,0.673076923076923,1,0,0,1,0,0,1,0,0,0
"134",0,0.395833333333333,0.559444444444444,0,0.194444444444444,1,0,0.538461538461538,1,0,0,0,1,0,1,0,1,0
"135",0,0.739583333333333,0.512222222222222,0,0.152777777777778,1,1,0.596153846153846,1,0,0,1,0,0,1,0,0,0
"136",0,0.3125,0.323333333333333,0,0.222222222222222,1,1,0.0576923076923077,1,0,0,1,0,0,1,0,0,0
"137",0,0.0833333333333333,0.298888888888889,0,0.152777777777778,1,0,0.0576923076923077,1,0,0,0,0,1,1,0,0,0
"138",0,0.166666666666667,0.219722222222222,0,0.194444444444444,1,1,0.211538461538462,1,0,0,0,0,0,1,0,1,0
"139",0,0.927083333333333,0.141666666666667,0,0.25,1,1,0.192307692307692,1,0,0,0,1,0,0,0,0,0
"140",0,0.708333333333333,0.123333333333333,0,0.236111111111111,1,0,0.192307692307692,1,0,0,0,1,0,1,1,0,0
"141",0,0.541666666666667,0.0513888888888889,0,0.180555555555556,1,0,0.25,0,0,0,0,1,0,1,0,0,0
"142",1,0.479166666666667,0.761388888888889,0,0.208333333333333,1,0,0.423076923076923,1,0,0,0,0,0,1,0,1,0
"143",1,0.875,0.512222222222222,0,0.180555555555556,1,0,0.230769230769231,0,0,0,0,1,0,1,0,0,0
"144",1,0.895833333333333,0.478611111111111,0,0.222222222222222,1,0,0.230769230769231,0,0,0,0,1,0,1,0,0,0
"145",1,0.645833333333333,0.387777777777778,0,0.263888888888889,1,0,0.230769230769231,1,0,0,1,0,0,1,0,0,0
"146",1,0.46875,0.379722222222222,0,0.236111111111111,0,1,0.230769230769231,1,0,0,0,0,0,1,0,1,0
"147",1,0.541666666666667,0.251388888888889,0,0.263888888888889,1,0,0.288461538461538,1,0,0,0,0,0,1,0,1,0
"148",1,0.364583333333333,0.185555555555556,0,0.208333333333333,1,0,0.442307692307692,1,0,0,0,1,0,1,0,0,0
"149",1,0.177083333333333,0.155,0,0.180555555555556,1,0,0.442307692307692,1,0,0,0,0,1,1,0,0,0
"150",1,0.760416666666667,0.989166666666667,0,0.194444444444444,1,0,0.673076923076923,1,0,0,1,0,0,1,0,0,0
"151",1,0.75,0.717222222222222,0,0.194444444444444,1,0,0.596153846153846,0,0,0,1,0,0,1,0,1,0
"152",1,0.520833333333333,0.405277777777778,0,0.152777777777778,0,0,0.134615384615385,1,0,0,0,0,1,1,0,0,0
"153",1,0.104166666666667,0.348611111111111,0,0.194444444444444,1,0,0.134615384615385,1,0,0,0,0,0,1,0,1,1
"154",1,0.802083333333333,0.271111111111111,0,0.152777777777778,1,0,0.134615384615385,1,0,0,1,0,0,1,0,0,0
"155",1,0.645833333333333,0.130833333333333,0,0.166666666666667,1,1,0,1,0,0,0,1,0,1,0,0,0
"156",0,0.760416666666667,0.539166666666667,0,0.180555555555556,1,0,0.480769230769231,1,0,0,0,0,0,1,1,0,0
"157",0,0.3125,0.295555555555556,0,0.277777777777778,1,0,0.423076923076923,1,0,0,0,1,0,1,0,1,0
"158",0,0.802083333333333,0.185833333333333,0,0.180555555555556,0,0,0.480769230769231,1,0,0,0,0,0,1,0,1,0
"159",0,0.364583333333333,0.120555555555556,0,0.194444444444444,1,0,0.480769230769231,1,0,0,1,0,0,1,1,0,0
"160",0,0.489583333333333,0.0169444444444444,0,0.180555555555556,1,1,0.615384615384615,1,0,0,0,0,0,1,1,0,0
"161",0,0.854166666666667,0.7375,0,0.25,0,0,0.403846153846154,1,0,0,0,0,0,1,0,0,0
"162",0,0.625,0.715277777777778,0,0.125,0,0,0.403846153846154,1,0,0,0,0,1,1,0,1,0
"163",0,0.760416666666667,0.5,0,0.263888888888889,0,0,0.403846153846154,1,0,0,0,0,0,1,0,1,0
"164",0,0.520833333333333,0.3325,0,0.194444444444444,1,0,0.403846153846154,0,0,0,1,0,0,1,0,1,0
"165",0,0.645833333333333,0.126944444444444,0,0.25,1,0,0.442307692307692,1,0,0,0,1,0,1,0,0,0
"166",0,0.479166666666667,0.115277777777778,0,0.222222222222222,1,0,0.442307692307692,1,0,0,0,0,1,1,0,0,0
"167",1,0.4375,0.898888888888889,0,0.208333333333333,1,0,0.615384615384615,1,0,0,0,0,0,1,0,1,0
"168",1,0.6875,0.749444444444444,0,0.180555555555556,1,0,0.538461538461538,1,0,0,0,1,0,1,1,0,0
"169",1,0.572916666666667,0.728055555555556,0,0.291666666666667,1,0,0.538461538461538,1,0,0,1,0,0,0,1,0,0
"170",1,0.916666666666667,0.661388888888889,0,0.180555555555556,1,0,0.596153846153846,1,0,0,0,0,0,1,0,1,0
"171",1,0.125,0.596944444444444,0,0.222222222222222,0,0,0.596153846153846,1,0,0,0,0,0,1,0,1,1
"172",1,0.666666666666667,0.506388888888889,0,0.263888888888889,1,0,0.538461538461538,1,0,0,0,1,0,0,0,1,0
"173",1,0.552083333333333,0.453611111111111,0,0.180555555555556,1,0,0.596153846153846,1,0,0,0,0,0,1,1,0,0
"174",1,0.4375,0.430555555555556,0,0.180555555555556,1,0,0.596153846153846,1,0,0,1,0,0,1,0,1,0
"175",1,0.760416666666667,0.33,0,0.236111111111111,1,0,0.75,1,0,0,0,1,0,1,0,1,0
"176",1,0.75,0.218055555555556,0,0.194444444444444,1,0,0.75,1,0,0,0,0,0,1,0,1,0
"177",1,0.166666666666667,0.0802777777777778,0,0.277777777777778,1,0,0.884615384615385,1,0,0,0,1,0,0,0,1,1
"178",1,0.770833333333333,0.963055555555556,0,0.125,1,0,0.538461538461538,0,0,0,1,0,0,1,0,1,0
"179",1,0.364583333333333,0.729166666666667,0,0.0833333333333333,1,0,0.480769230769231,0,0,0,0,0,0,1,0,0,0
"180",1,0.104166666666667,0.584722222222222,1,0.125,1,0,0.480769230769231,0,0,0,0,1,0,1,1,0,0
"181",1,0.760416666666667,0.506666666666667,0,0.111111111111111,1,0,0.480769230769231,0,0,0,0,0,0,1,0,0,0
"182",1,0.802083333333333,0.503611111111111,0,0.0972222222222222,1,0,0.480769230769231,0,0,0,1,0,0,1,0,0,0
"183",1,0.5625,0.457777777777778,0,0.125,0,0,0.480769230769231,0,0,0,0,0,0,1,1,0,0
"184",1,0.1875,0.136111111111111,0,0.0972222222222222,1,1,0.211538461538462,0,0,0,0,0,0,1,0,0,0
"185",1,0.760416666666667,0.0591666666666667,0,0.152777777777778,1,0,0.269230769230769,0,0,0,0,0,0,1,0,0,0
"186",1,0.416666666666667,0.0472222222222222,0,0.0972222222222222,1,0,0.269230769230769,0,0,0,1,0,0,1,0,0,0
"187",0,0.708333333333333,0.960833333333333,0,0.0833333333333333,1,0,0.673076923076923,0,0,0,0,1,0,1,0,1,0
"188",0,0.65625,0.738333333333333,0,0.152777777777778,1,0,0.615384615384615,0,0,0,0,1,0,1,0,1,0
"189",0,0.697916666666667,0.643611111111111,0,0.125,1,0,0.615384615384615,0,0,0,0,0,0,1,0,1,0
"190",0,0.520833333333333,0.626944444444444,0,0.152777777777778,1,0,0.615384615384615,0,0,0,0,0,0,1,0,0,0
"191",0,0.5,0.351944444444444,0,0.125,1,0,0.615384615384615,0,0,0,0,0,0,1,0,1,0
"192",0,0.8125,0.178611111111111,0,0.111111111111111,1,0,0.480769230769231,0,0,0,1,0,0,1,0,1,0
"193",0,0.1875,0.115,0,0.111111111111111,1,0,0.480769230769231,0,0,0,0,1,0,1,0,0,0
"194",0,0.645833333333333,0.0513888888888889,0,0.0972222222222222,1,0,0.538461538461538,0,0,0,1,0,0,1,0,1,0
"195",0,0.0208333333333333,0.01,0,0.0833333333333333,1,0,0.538461538461538,1,0,0,1,0,0,1,0,1,1
"196",1,0.625,0.918888888888889,0,0.111111111111111,1,0,0.807692307692308,0,0,0,0,0,0,1,0,0,0
"197",1,0.916666666666667,0.7825,0,0.0972222222222222,1,0,0.942307692307692,0,0,0,0,1,0,1,0,1,0
"198",1,0.854166666666667,0.645555555555556,0,0.138888888888889,1,0,0.942307692307692,0,0,0,0,1,0,1,0,0,0
"199",1,0.96875,0.53,0,0.111111111111111,1,0,0.942307692307692,0,0,0,1,0,0,1,0,0,0
"200",1,0.916666666666667,0.5125,0,0.0972222222222222,1,0,0.942307692307692,0,0,0,0,0,0,1,1,0,0
"201",1,0.760416666666667,0.201111111111111,0,0.0833333333333333,1,0,0.865384615384615,0,0,0,0,0,0,1,0,1,0
"202",1,0.385416666666667,0.135555555555556,0,0.152777777777778,1,0,0.865384615384615,0,0,0,0,1,0,1,1,0,0
"203",0,0.760416666666667,0.888055555555556,0,0.125,1,0,0.538461538461538,0,0,0,0,0,0,1,0,0,0
"204",0,0.822916666666667,0.553888888888889,0,0.152777777777778,1,0,0.403846153846154,0,0,0,1,0,0,1,1,0,0
"205",0,0.302083333333333,0.511944444444444,0,0.138888888888889,1,0,0.403846153846154,0,0,0,0,0,0,1,0,0,0
"206",0,0.21875,0.510833333333333,0,0.0972222222222222,1,0,0.403846153846154,1,0,0,1,0,0,1,1,0,0
"207",0,0.270833333333333,0.506666666666667,0,0.111111111111111,1,0,0.403846153846154,0,0,0,1,0,0,1,0,0,0
"208",0,0.59375,0.117777777777778,0,0.0972222222222222,1,0,0.730769230769231,1,0,0,0,1,0,1,1,0,0
"209",0,0.458333333333333,0.752222222222222,0,0.0972222222222222,1,0,0.538461538461538,0,0,0,1,0,0,1,0,1,0
"210",0,0.375,0.741388888888889,0,0.0833333333333333,1,0,0.538461538461538,0,0,0,0,0,0,1,0,0,0
"211",0,0.427083333333333,0.533333333333333,0,0.0833333333333333,1,0,0.538461538461538,0,0,0,0,0,0,1,0,0,0
"212",0,0.197916666666667,0.519722222222222,0,0.0833333333333333,1,0,0.538461538461538,0,0,0,0,1,0,1,0,0,0
"213",0,0.677083333333333,0.4475,0,0.0833333333333333,1,0,0.461538461538462,0,0,0,0,0,0,1,0,0,0
"214",0,0.333333333333333,0.15,0,0.125,0,0,0.596153846153846,0,0,0,0,0,0,1,0,1,0
"215",0,0.489583333333333,0.0472222222222222,0,0.125,1,1,0.538461538461538,0,0,0,0,0,0,1,0,0,0
"216",0,0.416666666666667,0.0452777777777778,0,0.0694444444444444,1,0,0.538461538461538,1,0,0,1,0,0,1,0,0,0
"217",0,0.447916666666667,0.0144444444444444,0,0.111111111111111,1,0,0.538461538461538,0,0,0,0,0,0,1,1,0,0
"218",0,0.385416666666667,0.00694444444444444,0,0.0972222222222222,1,0,0.538461538461538,1,0,0,0,1,0,1,0,0,0
"219",1,0.78125,0.927777777777778,0,0.111111111111111,1,0,0.673076923076923,0,0,0,0,1,0,1,1,0,0
"220",1,0.875,0.516666666666667,0,0.0972222222222222,1,0,0.673076923076923,0,0,0,0,0,0,1,0,1,0
"221",1,0.760416666666667,0.393055555555556,0,0.152777777777778,0,0,0.615384615384615,0,0,0,1,0,0,1,0,0,0
"222",1,0.166666666666667,0.34,0,0.0972222222222222,0,0,0.615384615384615,0,0,0,0,0,0,1,1,0,0
"223",0,0.614583333333333,0.991388888888889,0,0.138888888888889,0,0,0.673076923076923,0,0,0,0,0,0,1,0,0,0
"224",0,0.989583333333333,0.835,0,0.0833333333333333,1,0,0.673076923076923,0,0,0,1,0,0,1,1,0,0
"225",0,0.760416666666667,0.523611111111111,0,0.125,1,0,0.596153846153846,0,0,0,0,0,0,1,0,0,0
"226",0,0.791666666666667,0.128333333333333,0,0.111111111111111,1,0,0.807692307692308,0,0,0,1,0,0,1,0,1,0
"227",1,0.0416666666666667,0.961944444444444,1,0.111111111111111,1,0,0.673076923076923,1,0,0,1,0,0,1,1,0,1
"228",1,0.958333333333333,0.808333333333333,0,0.138888888888889,1,0,0.653846153846154,0,0,0,0,1,0,1,0,1,0
"229",1,0.96875,0.686388888888889,0,0.111111111111111,1,0,0.788461538461538,0,0,0,1,0,0,1,0,0,0
"230",1,0.46875,0.638611111111111,0,0.0972222222222222,0,0,0.788461538461538,0,0,0,0,0,0,1,0,1,0
"231",1,0.791666666666667,0.377222222222222,0,0.111111111111111,1,0,0.903846153846154,0,0,0,0,1,0,1,0,0,0
"232",1,0.708333333333333,0.337222222222222,0,0.0833333333333333,0,0,0.903846153846154,0,0,0,0,0,0,1,0,0,0
"233",1,0.510416666666667,0.186944444444444,0,0.111111111111111,1,0,0.807692307692308,0,0,0,0,0,0,1,0,0,0
"234",1,0.0625,0.106388888888889,1,0.111111111111111,1,0,0.807692307692308,0,0,0,1,0,0,1,1,0,0
"235",1,0.822916666666667,0.8875,0,0.152777777777778,0,0,0.615384615384615,0,0,0,0,0,0,1,0,1,0
"236",1,0.729166666666667,0.8775,0,0.0972222222222222,1,0,0.615384615384615,1,0,0,1,0,0,1,1,0,0
"237",1,0.729166666666667,0.790833333333333,0,0.111111111111111,0,0,0.615384615384615,0,0,0,0,0,0,1,0,0,0
"238",1,0.645833333333333,0.75,0,0.125,1,0,0.615384615384615,0,0,0,0,1,0,1,0,1,0
"239",1,0.760416666666667,0.598611111111111,0,0.0833333333333333,0,0,0.5,0,0,0,0,0,0,1,0,1,0
"240",1,0.458333333333333,0.228055555555556,0,0.152777777777778,1,0,0.365384615384615,0,0,0,1,0,0,1,0,0,0
"241",1,0.697916666666667,0.0155555555555556,0,0.0833333333333333,1,1,0.230769230769231,0,0,0,0,0,0,1,1,0,0
"242",0,0.635416666666667,0.956388888888889,0,0.111111111111111,1,0,0.673076923076923,0,0,0,1,0,0,1,0,1,0
"243",0,0.385416666666667,0.88,0,0.0972222222222222,1,0,0.673076923076923,0,0,0,0,0,0,1,0,1,0
"244",0,0.760416666666667,0.759722222222222,0,0.152777777777778,1,0,0.673076923076923,0,0,0,0,0,0,1,0,1,0
"245",0,0.760416666666667,0.640555555555556,0,0.0972222222222222,0,0,0.615384615384615,0,0,0,0,0,0,1,0,1,0
"246",0,0.78125,0.388611111111111,0,0.0972222222222222,1,0,0.480769230769231,0,0,0,1,0,0,1,0,1,0
"247",0,0.489583333333333,0.328611111111111,0,0.0972222222222222,1,0,0.480769230769231,0,0,0,0,1,0,1,0,0,0
"248",0,0.760416666666667,0.266111111111111,0,0.0972222222222222,1,0,0.346153846153846,0,0,0,0,0,0,1,0,1,0
"249",0,0.760416666666667,0.211666666666667,0,0.0972222222222222,1,0,0.211538461538462,0,0,0,0,0,0,1,0,1,0
"250",0,0.833333333333333,0.18,0,0.125,1,0,0.211538461538462,0,0,0,0,0,0,1,0,1,0
"251",0,0.760416666666667,0.173055555555556,0,0.125,1,1,0.211538461538462,0,0,0,1,0,0,1,1,0,0
"252",0,0.6875,0.164166666666667,0,0.152777777777778,1,1,0.211538461538462,0,0,0,0,1,0,1,0,1,0
"253",0,0.916666666666667,0.0744444444444444,0,0.138888888888889,1,0,0.211538461538462,0,0,0,0,0,0,1,1,0,0
"254",0,0.833333333333333,0.0647222222222222,0,0.0833333333333333,1,1,0.211538461538462,1,0,0,1,0,0,1,0,0,0
"255",0,0.875,0.0538888888888889,0,0.111111111111111,1,0,0.211538461538462,0,0,0,1,0,0,1,1,0,0
"256",0,0.5625,0.0438888888888889,0,0.152777777777778,1,0,0.211538461538462,0,0,0,0,0,0,1,0,0,0
"257",0,0.322916666666667,0.0319444444444444,0,0.138888888888889,1,0,0.211538461538462,0,0,0,1,0,0,1,0,0,0
"258",0,0.239583333333333,0.0247222222222222,0,0.0972222222222222,1,1,0.211538461538462,1,0,0,0,1,0,1,0,1,0
"259",0,0.989583333333333,0.826944444444444,0,0.111111111111111,1,0,0.673076923076923,0,0,0,1,0,0,1,0,0,0
"260",0,0.864583333333333,0.747222222222222,0,0.0833333333333333,1,0,0.673076923076923,0,0,0,0,0,0,1,0,0,0
"261",0,0.78125,0.705,0,0.125,1,0,0.673076923076923,0,0,0,1,0,0,1,1,0,0
"262",0,0.4375,0.571388888888889,0,0.0833333333333333,1,0,0.538461538461538,0,0,0,1,0,0,1,0,1,0
"263",0,0.802083333333333,0.518611111111111,0,0.111111111111111,1,0,0.596153846153846,0,0,0,0,0,0,1,0,1,0
"264",0,0.75,0.363888888888889,0,0.0833333333333333,1,0,0.0576923076923077,0,0,0,0,0,0,1,1,0,0
"265",0,0.65625,0.355833333333333,0,0.125,1,0,0.0576923076923077,0,0,0,0,0,0,1,0,0,0
"266",0,0.166666666666667,0.317777777777778,0,0.0833333333333333,1,1,0.0576923076923077,0,0,0,0,0,0,1,0,0,0
"267",0,0.125,0.31,0,0.0833333333333333,1,1,0.0576923076923077,0,0,0,1,0,0,1,0,0,0
"268",0,0.5625,0.246388888888889,0,0.152777777777778,1,0,0.211538461538462,0,0,0,0,0,0,1,0,1,0
"269",0,0.760416666666667,0.133611111111111,0,0.0972222222222222,1,1,0.192307692307692,0,0,0,0,0,0,1,0,1,0
"270",0,0.395833333333333,0.116666666666667,0,0.111111111111111,1,0,0.192307692307692,0,0,0,0,0,0,1,0,1,0
"271",0,0.489583333333333,0.0663888888888889,0,0.0972222222222222,1,1,0.25,0,0,0,0,0,0,1,1,0,0
"272",1,0.729166666666667,0.783055555555556,0,0.0833333333333333,1,0,0.423076923076923,0,0,0,1,0,0,1,0,1,0
"273",1,1,0.555,0,0.111111111111111,1,0,0.288461538461538,0,0,0,0,1,0,1,0,1,0
"274",1,0.0104166666666667,0.228055555555556,1,0.0694444444444444,1,0,0.288461538461538,1,0,0,1,0,0,1,0,1,1
"275",1,0.239583333333333,0.17,0,0.111111111111111,1,0,0.442307692307692,0,0,0,1,0,0,1,0,0,0
"276",1,0.822916666666667,0.0572222222222222,0,0.0972222222222222,0,0,0.442307692307692,0,0,0,0,0,1,1,0,1,0
"277",1,0.916666666666667,0.0363888888888889,0,0.125,0,0,0.384615384615385,0,0,0,1,0,0,1,0,0,0
"278",1,0.84375,0.0308333333333333,0,0.111111111111111,1,0,0.384615384615385,0,0,0,0,1,0,1,0,0,0
"279",1,0.833333333333333,0.746388888888889,0,0.111111111111111,1,0,0.596153846153846,0,0,0,0,0,0,1,1,0,0
"280",1,0.552083333333333,0.554166666666667,0,0.125,1,0,0.461538461538462,0,0,0,1,0,0,1,0,1,0
"281",1,0.760416666666667,0.526111111111111,0,0.138888888888889,1,0,0.326923076923077,0,0,0,0,0,0,1,0,0,0
"282",1,0.697916666666667,0.468333333333333,0,0.0833333333333333,1,0,0.134615384615385,0,0,0,1,0,0,1,1,0,0
"283",1,0.65625,0.456111111111111,0,0.0833333333333333,1,0,0.134615384615385,0,0,0,0,1,0,1,0,0,0
"284",1,0.677083333333333,0.429722222222222,0,0.138888888888889,1,0,0.134615384615385,0,0,0,0,0,0,1,1,0,0
"285",1,0.59375,0.418888888888889,0,0.125,1,0,0.134615384615385,0,0,0,0,1,0,1,1,0,0
"286",1,0.53125,0.390833333333333,0,0.111111111111111,1,0,0.134615384615385,0,0,0,0,0,0,1,0,1,0
"287",1,0.416666666666667,0.367777777777778,0,0.0833333333333333,1,0,0.134615384615385,0,0,0,0,1,0,1,0,1,0
"288",1,0.291666666666667,0.3525,0,0.111111111111111,1,0,0.134615384615385,0,0,0,0,0,0,1,1,0,0
"289",1,0.895833333333333,0.153611111111111,0,0.0972222222222222,1,0,0,0,0,0,0,0,0,1,0,0,0
"290",1,0.6875,0.144722222222222,0,0.125,1,0,0,0,0,0,0,0,0,1,0,0,0
"291",1,0.427083333333333,0.101944444444444,0,0.125,1,0,0,0,0,0,0,1,0,1,0,1,0
"292",0,0.364583333333333,0.308055555555556,0,0.0972222222222222,1,0,0.423076923076923,0,0,0,1,0,0,1,0,1,0
"293",0,0.125,0.0975,0,0.138888888888889,0,0,0.480769230769231,0,0,0,0,0,0,1,1,0,0
"294",0,0.0416666666666667,0.0888888888888889,0,0.111111111111111,1,0,0.480769230769231,1,0,0,1,0,0,1,1,0,1
"295",0,0.65625,0.0288888888888889,0,0.138888888888889,1,0,0.615384615384615,0,0,0,0,0,0,1,1,0,0
"296",0,0.0625,0.0119444444444444,1,0.0833333333333333,1,0,0.615384615384615,0,0,0,0,0,0,1,0,0,0
"297",0,0.0208333333333333,0.00944444444444444,1,0.0833333333333333,1,0,0.615384615384615,1,0,0,0,1,0,1,1,0,1
"298",0,0.635416666666667,0.457777777777778,0,0.111111111111111,1,0,0.403846153846154,0,0,0,0,1,0,1,0,0,0
"299",0,0.760416666666667,0.226666666666667,0,0.152777777777778,1,0,0.326923076923077,0,0,0,0,0,0,1,0,1,0
"300",1,0.760416666666667,0.761388888888889,0,0.125,1,0,0.538461538461538,0,0,0,0,0,0,1,0,1,0
"301",1,0.614583333333333,0.627777777777778,0,0.0833333333333333,1,0,0.596153846153846,0,0,0,0,0,0,1,1,0,0
"302",1,0.760416666666667,0.536388888888889,0,0.0833333333333333,1,0,0.596153846153846,0,0,0,0,0,0,1,0,1,0
"303",1,0.71875,0.533333333333333,0,0.111111111111111,1,0,0.596153846153846,1,0,0,1,0,0,1,0,0,0
"304",1,0.739583333333333,0.509166666666667,0,0.125,1,0,0.538461538461538,0,0,0,0,0,0,1,0,1,0
"305",1,0.489583333333333,0.505277777777778,0,0.138888888888889,1,0,0.538461538461538,0,0,0,0,0,0,1,0,0,0
"306",1,0.8125,0.498611111111111,0,0.138888888888889,0,0,0.596153846153846,0,0,0,0,0,0,1,0,1,0
"307",1,0.708333333333333,0.476944444444444,0,0.138888888888889,0,0,0.596153846153846,0,0,0,0,0,0,1,0,0,0
"308",1,0.0729166666666667,0.404444444444444,1,0.111111111111111,1,0,0.596153846153846,0,0,0,0,0,0,1,0,1,0
"309",1,0.0104166666666667,0.3925,1,0.0694444444444444,0,0,0.596153846153846,1,0,0,1,0,0,1,0,0,1
"310",1,0.833333333333333,0.341388888888889,0,0.125,1,0,0.75,0,0,0,1,0,0,1,0,1,0
"311",1,0.71875,0.299722222222222,0,0.0972222222222222,1,0,0.75,0,0,0,1,0,0,1,0,0,0
"312",1,0.864583333333333,0.890277777777778,0,0.0555555555555556,1,0,0.480769230769231,0,0,0,1,0,0,1,0,0,0
"313",1,0.489583333333333,0.450277777777778,0,0.0416666666666667,0,0,0.480769230769231,0,0,0,1,0,0,1,0,1,0
"314",0,0.84375,0.680833333333333,0,0.0555555555555556,1,0,0.615384615384615,0,0,0,1,0,0,1,1,0,0
"315",0,0.21875,0.566944444444444,0,0.0416666666666667,1,0,0.615384615384615,0,0,0,0,1,0,1,0,1,0
"316",0,0.625,0.413888888888889,0,0.0694444444444444,1,0,0.615384615384615,0,0,0,1,0,0,1,0,1,0
"317",0,0.583333333333333,0.0311111111111111,0,0.0416666666666667,1,0,0.538461538461538,0,0,0,1,0,0,1,0,1,0
"318",1,0.864583333333333,0.8075,0,0.0555555555555556,1,0,0.942307692307692,0,0,0,0,0,0,1,0,1,0
"319",1,0.916666666666667,0.67,0,0.0416666666666667,1,0,0.942307692307692,0,0,0,0,0,0,1,0,0,0
"320",1,0.8125,0.2675,0,0.0694444444444444,0,0,1,0,0,0,0,0,0,1,0,1,0
"321",0,0.0625,0.815555555555556,0,0.0416666666666667,1,0,0.538461538461538,0,0,0,0,1,0,1,0,0,0
"322",0,0.958333333333333,0.165,0,0.0694444444444444,0,0,0.730769230769231,0,0,0,0,0,0,1,0,1,0
"323",0,0.760416666666667,0.0241666666666667,0,0.0416666666666667,1,0,0.653846153846154,0,0,0,1,0,0,1,0,1,0
"324",0,0,0.2125,1,0.0555555555555556,1,0,0.653846153846154,1,0,0,0,1,0,1,0,1,1
"325",1,0.78125,0.998611111111111,0,0.0555555555555556,1,0,0.673076923076923,0,0,0,0,0,0,1,0,0,0
"326",1,0.645833333333333,0.858055555555556,0,0.0694444444444444,1,0,0.615384615384615,0,0,0,1,0,0,1,0,0,0
"327",1,0.375,0.456666666666667,0,0.0555555555555556,1,0,0.557692307692308,0,0,0,0,0,0,1,0,0,0
"328",1,0.3125,0.414722222222222,0,0.0416666666666667,1,0,0.557692307692308,0,0,0,1,0,0,1,0,1,0
"329",1,0.510416666666667,0.120555555555556,0,0.0555555555555556,1,1,0.365384615384615,0,0,0,0,0,0,1,0,0,0
"330",0,0.708333333333333,0.63,0,0.0416666666666667,1,0,0.615384615384615,0,0,0,1,0,0,1,0,0,0
"331",0,0.697916666666667,0.617222222222222,0,0.0694444444444444,1,0,0.615384615384615,0,0,0,0,1,0,1,0,1,0
"332",0,0.666666666666667,0.563611111111111,0,0.0694444444444444,1,0,0.615384615384615,0,0,0,1,0,0,1,0,1,0
"333",0,0.489583333333333,0.501944444444444,0,0.0416666666666667,1,0,0.615384615384615,0,0,0,1,0,0,1,0,1,0
"334",0,0.28125,0.251111111111111,0,0.0416666666666667,1,0,0.346153846153846,0,0,0,1,0,0,1,0,1,0
"335",0,0.708333333333333,0.692777777777778,0,0.0694444444444444,1,0,0.673076923076923,0,0,0,0,1,0,1,1,0,0
"336",0,0.833333333333333,0.457777777777778,0,0.0555555555555556,0,0,0.461538461538462,0,0,0,1,0,0,1,0,1,0
"337",0,0.8125,0.444444444444444,0,0.0416666666666667,1,0,0.461538461538462,0,0,0,0,1,0,1,0,0,0
"338",0,0.895833333333333,0.160833333333333,0,0.0694444444444444,1,0,0.192307692307692,0,0,0,0,0,0,1,0,0,0
"339",1,0.864583333333333,0.494166666666667,0,0.0555555555555556,1,0,0.230769230769231,0,0,0,1,0,0,1,0,0,0
"340",1,0.8125,0.0780555555555556,0,0.0555555555555556,1,0,0.442307692307692,0,0,0,0,0,0,1,0,0,0
"341",1,0.572916666666667,0.566666666666667,0,0.0555555555555556,0,0,0.461538461538462,0,0,0,0,0,0,1,0,0,0
"342",1,0.708333333333333,0.479722222222222,0,0.0416666666666667,1,0,0.134615384615385,0,0,0,0,0,0,1,0,1,0
"343",1,0.59375,0.433055555555556,0,0.0555555555555556,1,0,0.134615384615385,0,0,0,0,0,0,1,0,1,0
"344",1,0.822916666666667,0.279166666666667,0,0.0555555555555556,1,0,0.134615384615385,0,0,0,0,0,0,1,0,0,0
"345",0,0.645833333333333,0.533333333333333,0,0.0694444444444444,1,0,0.480769230769231,0,0,0,0,0,0,1,0,1,0
"346",0,0.854166666666667,0.396944444444444,0,0.0416666666666667,1,0,0.423076923076923,0,0,0,0,0,0,1,0,0,0
"347",0,0.697916666666667,0.162777777777778,0,0.0694444444444444,1,0,0.480769230769231,0,0,0,1,0,0,1,0,1,0
"348",0,0.645833333333333,0.886944444444444,0,0.0694444444444444,1,0,0.403846153846154,0,0,0,0,0,0,1,0,1,0
"349",0,0.927083333333333,0.560277777777778,0,0.0555555555555556,1,0,0.461538461538462,1,0,0,0,1,0,1,0,0,0
"350",0,0.541666666666667,0.477222222222222,0,0.0416666666666667,1,0,0.403846153846154,0,0,0,1,0,0,1,0,0,0
"351",1,0.302083333333333,0.888611111111111,0,0.0416666666666667,1,0,0.615384615384615,0,0,0,0,0,0,1,0,0,0
"352",1,0.697916666666667,0.949444444444444,0,0.0277777777777778,1,0,0.538461538461538,0,1,0,0,1,0,0,0,1,0
"353",1,0.760416666666667,0.899166666666667,0,0.0277777777777778,1,0,0.480769230769231,0,1,0,0,0,0,1,0,1,0
"354",1,0.34375,0.843611111111111,0,0.0277777777777778,0,0,0.480769230769231,0,1,0,1,0,0,1,0,1,0
"355",1,0.145833333333333,0.610833333333333,1,0,1,0,0.480769230769231,0,0,0,0,0,0,1,0,1,0
"356",1,0.25,0.399722222222222,0,0.0277777777777778,1,0,0.480769230769231,0,0,0,0,1,0,1,1,0,0
"357",1,0.927083333333333,0.268888888888889,0,0.0277777777777778,1,0,0.346153846153846,0,1,0,1,0,0,1,0,1,0
"358",1,0.8125,0.0902777777777778,0,0.0277777777777778,1,0,0.326923076923077,0,0,1,0,0,0,1,1,0,0
"359",1,0.416666666666667,0.0486111111111111,0,0.0277777777777778,1,0,0.269230769230769,0,1,0,0,0,0,1,0,0,0
"360",0,0.697916666666667,0.906666666666667,0,0.0277777777777778,1,0,0.673076923076923,0,1,0,0,1,0,0,0,0,0
"361",0,0.854166666666667,0.768611111111111,0,0.0277777777777778,1,0,0.615384615384615,0,1,0,1,0,0,1,0,1,0
"362",0,0.822916666666667,0.669166666666667,0,0.0277777777777778,1,0,0.615384615384615,0,1,0,0,1,0,1,0,0,0
"363",0,0.385416666666667,0.608333333333333,0,0.0277777777777778,0,0,0.615384615384615,0,1,0,0,0,0,0,0,1,0
"364",0,0.59375,0.401388888888889,0,0.0277777777777778,1,0,0.615384615384615,0,1,0,0,1,0,1,0,1,0
"365",0,0.1875,0.116111111111111,0,0.0277777777777778,1,0,0.480769230769231,0,1,0,1,0,0,1,0,0,0
"366",0,0.583333333333333,0.0333333333333333,0,0.0277777777777778,1,0,0.538461538461538,0,1,0,0,0,0,1,0,1,0
"367",0,0.302083333333333,0.0183333333333333,0,0.0277777777777778,1,0,0.538461538461538,0,1,0,0,0,0,0,0,0,0
"368",0,0.302083333333333,0.0175,0,0.0277777777777778,1,0,0.538461538461538,0,1,0,1,0,0,1,0,0,0
"369",0,0.302083333333333,0.0158333333333333,0,0.0277777777777778,1,0,0.538461538461538,0,1,0,0,1,0,1,0,1,0
"370",1,0.666666666666667,0.973611111111111,0,0.0277777777777778,1,0,0.673076923076923,0,1,0,0,1,0,1,0,1,0
"371",1,0.635416666666667,0.702222222222222,0,0.0277777777777778,1,0,0.942307692307692,0,1,0,1,0,0,1,0,0,0
"372",1,0.96875,0.530833333333333,0,0.0277777777777778,1,0,0.942307692307692,0,1,0,0,0,0,1,1,0,0
"373",1,0.90625,0.527777777777778,0,0.0277777777777778,1,0,0.942307692307692,0,1,0,0,1,0,1,0,1,0
"374",1,0.770833333333333,0.504444444444444,0,0.0277777777777778,1,0,0.942307692307692,0,1,0,0,0,0,1,0,0,0
"375",1,0.208333333333333,0.384444444444444,0,0.0277777777777778,1,0,0.942307692307692,0,1,0,0,1,0,0,0,0,0
"376",1,0.78125,0.25,0,0.0277777777777778,1,0,1,0,1,0,0,1,0,0,0,0,0
"377",1,0.71875,0.188055555555556,0,0.0277777777777778,1,0,0.865384615384615,0,1,0,1,0,0,1,0,1,0
"378",1,0.447916666666667,0.172777777777778,0,0.0277777777777778,1,0,0.865384615384615,0,1,0,1,0,0,1,0,1,0
"379",1,0.375,0.149444444444444,0,0.0138888888888889,1,0,0.865384615384615,0,0,0,1,0,0,1,0,1,0
"380",1,0.0208333333333333,0.0577777777777778,1,0.0277777777777778,1,0,0.923076923076923,0,1,0,0,0,1,1,0,0,0
"381",0,0.979166666666667,0.906666666666667,0,0.0277777777777778,1,0,0.673076923076923,0,1,0,0,1,0,0,0,1,0
"382",0,0.0625,0.816944444444444,0,0.0277777777777778,1,0,0.538461538461538,0,1,0,1,0,0,1,0,0,0
"383",0,0.770833333333333,0.774722222222222,0,0.0277777777777778,1,0,0.596153846153846,0,1,0,1,0,0,1,0,0,0
"384",0,0.770833333333333,0.773888888888889,0,0.0277777777777778,1,0,0.596153846153846,0,1,0,0,1,0,1,0,1,0
"385",0,0.635416666666667,0.705833333333333,0,0.0277777777777778,1,0,0.461538461538462,0,1,0,1,0,0,0,1,0,0
"386",0,0.635416666666667,0.704166666666667,0,0.0277777777777778,1,0,0.461538461538462,0,1,0,0,1,0,1,0,0,0
"387",0,0.729166666666667,0.543055555555556,0,0.0277777777777778,1,0,0.403846153846154,0,1,0,0,1,0,1,0,0,0
"388",0,0.270833333333333,0.508055555555556,0,0.0277777777777778,1,0,0.403846153846154,0,1,0,0,0,0,1,0,1,0
"389",0,0.208333333333333,0.504444444444444,0,0.0277777777777778,1,0,0.403846153846154,0,1,0,0,1,0,1,1,0,0
"390",0,0.385416666666667,0.426111111111111,0,0.0277777777777778,0,0,0.461538461538462,0,1,0,0,0,0,0,0,0,0
"391",0,0.739583333333333,0.238611111111111,0,0.0277777777777778,0,0,0.730769230769231,0,1,0,0,0,0,0,0,0,0
"392",0,0.6875,0.203611111111111,0,0.0277777777777778,1,0,0.730769230769231,0,1,0,1,0,0,1,1,0,0
"393",0,0.145833333333333,0.0508333333333333,0,0.0277777777777778,1,0,0.730769230769231,0,1,0,0,1,0,0,0,0,0
"394",0,0.760416666666667,0.0255555555555556,0,0.0277777777777778,1,0,0.653846153846154,0,1,0,0,0,0,1,0,1,0
"395",0,0.697916666666667,0.841944444444444,0,0.0277777777777778,1,0,0.673076923076923,0,1,0,1,0,0,1,1,0,0
"396",0,0.697916666666667,0.840555555555556,0,0.0277777777777778,1,0,0.673076923076923,0,1,0,0,1,0,1,0,1,0
"397",0,0.333333333333333,0.730277777777778,0,0.0277777777777778,1,0,0.538461538461538,0,1,0,1,0,0,1,0,0,0
"398",0,0.75,0.714444444444444,0,0.0277777777777778,0,0,0.403846153846154,0,1,0,1,0,0,1,0,0,0
"399",0,0.59375,0.682777777777778,0,0.0277777777777778,1,0,0.403846153846154,0,1,0,0,1,0,1,0,0,0
"400",0,0.239583333333333,0.523333333333333,0,0.0277777777777778,1,0,0.538461538461538,0,1,0,0,0,0,0,0,1,0
"401",0,0.760416666666667,0.5,0,0.0277777777777778,1,0,0.596153846153846,0,1,0,0,0,0,1,0,1,0
"402",0,0.6875,0.4875,0,0.0277777777777778,1,0,0.596153846153846,0,1,0,0,1,0,0,1,0,0
"403",0,0.59375,0.316666666666667,0,0.0277777777777778,1,0,0.596153846153846,0,1,0,1,0,0,1,0,0,0
"404",0,0.1875,0.103333333333333,0,0.0277777777777778,0,0,0.596153846153846,0,1,0,1,0,0,1,1,0,0
"405",0,0.1875,0.101666666666667,0,0.0277777777777778,1,0,0.596153846153846,0,1,0,0,1,0,1,0,0,0
"406",0,0.385416666666667,0.0436111111111111,0,0.0277777777777778,1,0,0.538461538461538,0,1,0,0,0,0,1,0,0,0
"407",0,0.96875,0.0291666666666667,0,0.0277777777777778,1,0,0.538461538461538,0,1,0,0,0,0,1,1,0,0
"408",0,0.96875,0.0280555555555556,0,0.0277777777777778,1,0,0.538461538461538,0,1,0,1,0,0,0,0,1,0
"409",0,0.583333333333333,0.0175,0,0.0277777777777778,1,0,0.538461538461538,0,1,0,0,0,0,1,0,1,0
"410",0,0.385416666666667,0.00861111111111111,0,0.0277777777777778,1,1,0.538461538461538,0,1,0,1,0,0,0,0,0,0
"411",0,0.333333333333333,0.00527777777777778,0,0.0277777777777778,1,0,0.538461538461538,0,1,0,0,0,0,0,0,0,0
"412",0,0.229166666666667,0,0,0.0277777777777778,1,0,0.538461538461538,0,1,0,0,0,0,1,0,1,0
"413",1,0.8125,0.941111111111111,0,0.0277777777777778,0,0,0.673076923076923,0,1,0,0,0,0,1,1,0,0
"414",1,0.979166666666667,0.838888888888889,0,0.0277777777777778,1,0,0.673076923076923,0,1,0,1,0,0,0,0,0,0
"415",1,0.979166666666667,0.8375,0,0.0277777777777778,1,0,0.673076923076923,0,1,0,0,1,0,1,0,1,0
"416",1,0.708333333333333,0.763888888888889,0,0.0277777777777778,1,0,0.615384615384615,0,1,0,0,1,0,1,0,1,0
"417",1,0.802083333333333,0.693333333333333,0,0.0277777777777778,1,0,0.615384615384615,0,1,0,0,1,0,0,0,1,0
"418",1,0.0208333333333333,0.546388888888889,1,0.0277777777777778,1,0,0.615384615384615,0,1,0,0,1,0,1,0,0,0
"419",1,0.71875,0.509722222222222,0,0.0277777777777778,1,1,0.673076923076923,0,1,0,0,0,0,1,0,0,0
"420",1,0.552083333333333,0.477777777777778,0,0.0277777777777778,1,0,0.673076923076923,0,1,0,1,0,0,1,1,0,0
"421",1,0.552083333333333,0.476666666666667,0,0.0277777777777778,1,0,0.673076923076923,0,0,1,0,1,0,1,1,0,0
"422",1,0.760416666666667,0.394166666666667,0,0.0277777777777778,0,0,0.615384615384615,0,1,0,0,0,0,1,0,1,0
"423",1,0.583333333333333,0.185,0,0.0277777777777778,1,0,0.538461538461538,0,1,0,0,0,0,0,0,0,0
"424",1,0.5625,0.169166666666667,0,0.0277777777777778,1,0,0.538461538461538,0,1,0,0,0,0,1,1,0,0
"425",1,0.5625,0.167777777777778,0,0.0277777777777778,1,0,0.538461538461538,0,1,0,1,0,0,1,0,0,0
"426",1,0.395833333333333,0.154166666666667,0,0.0277777777777778,1,0,0.538461538461538,0,1,0,0,0,1,1,1,0,0
"427",1,0.854166666666667,0.104444444444444,0,0.0277777777777778,1,0,0.538461538461538,0,1,0,0,1,0,1,0,1,0
"428",0,0.114583333333333,0.940555555555556,1,0.0277777777777778,1,0,0.673076923076923,0,1,0,1,0,0,1,1,0,0
"429",0,0.864583333333333,0.876111111111111,0,0.0277777777777778,1,0,0.673076923076923,0,1,0,1,0,0,1,1,0,0
"430",0,0.427083333333333,0.741111111111111,0,0.0277777777777778,0,0,0.673076923076923,0,1,0,0,0,0,1,0,0,0
"431",0,0.395833333333333,0.728611111111111,0,0.0277777777777778,1,0,0.673076923076923,0,1,0,0,1,0,1,0,0,0
"432",0,0.0625,0.621666666666667,1,0.0277777777777778,0,0,0.673076923076923,0,1,0,0,0,0,1,0,0,0
"433",0,0.0104166666666667,0.611111111111111,1,0.0277777777777778,1,0,0.673076923076923,0,1,0,0,1,0,1,1,0,0
"434",0,0.614583333333333,0.552777777777778,0,0.0277777777777778,0,0,0.730769230769231,0,1,0,0,0,0,1,0,1,0
"435",0,0.53125,0.540277777777778,0,0.0277777777777778,1,0,0.730769230769231,0,1,0,0,1,0,1,0,0,0
"436",0,0.385416666666667,0.513055555555556,0,0.0277777777777778,1,0,0.596153846153846,0,1,0,0,0,0,1,1,0,0
"437",0,0.385416666666667,0.511666666666667,0,0.0277777777777778,1,0,0.596153846153846,0,1,0,1,0,0,1,0,0,0
"438",0,0.09375,0.505,0,0.0277777777777778,1,0,0.596153846153846,0,1,0,1,0,0,1,0,1,0
"439",0,0.09375,0.503055555555556,0,0.0277777777777778,1,0,0.596153846153846,0,1,0,0,1,0,1,1,0,0
"440",0,0.458333333333333,0.43,0,0.0277777777777778,1,0,0.653846153846154,0,1,0,0,0,0,0,0,1,0
"441",0,0.46875,0.313611111111111,0,0.0277777777777778,1,0,0.711538461538462,0,1,0,0,1,0,1,0,0,0
"442",0,0.708333333333333,0.104166666666667,0,0.0277777777777778,0,0,0.807692307692308,0,1,0,0,0,0,0,1,0,0
"443",0,0.677083333333333,0.0897222222222222,0,0.0277777777777778,1,0,0.807692307692308,0,1,0,0,1,0,1,0,0,0
"444",1,0.90625,0.81,0,0.0277777777777778,1,0,0.653846153846154,0,1,0,1,0,0,1,1,0,0
"445",1,0.354166666666667,0.722222222222222,0,0.0277777777777778,1,0,0.788461538461538,0,1,0,1,0,0,1,1,0,0
"446",1,0.0416666666666667,0.558333333333333,1,0.0277777777777778,1,0,0.788461538461538,0,1,0,1,0,0,1,0,1,0
"447",1,0.354166666666667,0.513055555555556,0,0,1,0,0.846153846153846,0,0,0,0,0,0,1,0,1,0
"448",1,0.375,0.511666666666667,0,0.0277777777777778,1,0,0.846153846153846,0,1,0,1,0,0,1,0,1,0
"449",1,0.239583333333333,0.508055555555556,0,0.0277777777777778,1,0,0.846153846153846,0,1,0,0,0,0,1,0,0,0
"450",1,0.239583333333333,0.506944444444444,0,0.0277777777777778,1,0,0.846153846153846,0,1,0,1,0,0,1,0,1,0
"451",1,0.239583333333333,0.505277777777778,0,0.0277777777777778,1,0,0.846153846153846,0,1,0,0,1,0,1,0,0,0
"452",1,0.791666666666667,0.378611111111111,0,0.0277777777777778,1,0,0.903846153846154,0,1,0,1,0,0,1,0,1,0
"453",1,0.0416666666666667,0.290555555555556,1,0.0277777777777778,1,0,0.903846153846154,0,1,0,1,0,0,1,0,1,0
"454",1,0.0416666666666667,0.288611111111111,1,0.0277777777777778,1,0,0.903846153846154,0,1,0,0,1,0,1,1,0,0
"455",1,0.447916666666667,0.174722222222222,0,0.0277777777777778,0,0,0.807692307692308,0,1,0,1,0,0,1,0,0,0
"456",1,0.447916666666667,0.173611111111111,0,0.0277777777777778,1,0,0.807692307692308,0,1,0,0,1,0,1,0,0,0
"457",1,0.614583333333333,0.845,0,0.0277777777777778,1,0,0.615384615384615,0,1,0,0,1,0,1,0,0,0
"458",1,0.59375,0.768333333333333,0,0.0277777777777778,1,0,0.615384615384615,0,0,0,0,0,0,1,0,0,0
"459",1,0.71875,0.588333333333333,0,0.0277777777777778,1,0,0.5,0,1,0,1,0,0,1,0,0,0
"460",1,0.395833333333333,0.574722222222222,0,0.0277777777777778,1,0,0.5,0,1,0,0,0,0,1,0,0,0
"461",1,0.145833333333333,0.5425,0,0.0277777777777778,1,0,0.5,0,1,0,0,0,0,1,0,0,0
"462",1,0.104166666666667,0.533333333333333,0,0.0277777777777778,1,0,0.5,0,1,0,0,1,0,1,0,1,0
"463",1,0.760416666666667,0.498888888888889,0,0.0277777777777778,0,0,0.557692307692308,0,0,0,0,0,0,1,0,0,0
"464",1,0.302083333333333,0.4025,0,0.0277777777777778,1,0,0.557692307692308,0,1,0,0,1,0,0,1,0,0
"465",1,0.75,0.322777777777778,0,0.0277777777777778,1,0,0.5,0,1,0,1,0,0,1,0,1,0
"466",1,0.625,0.301388888888889,0,0.0277777777777778,0,0,0.5,0,1,0,1,0,0,1,0,0,0
"467",1,0.625,0.300277777777778,0,0.0277777777777778,1,0,0.5,0,1,0,0,1,0,1,1,0,0
"468",1,0.645833333333333,0.242777777777778,0,0.0277777777777778,1,1,0.365384615384615,0,1,0,0,0,0,1,0,0,0
"469",1,0.458333333333333,0.231111111111111,0,0.0277777777777778,1,1,0.365384615384615,0,1,0,0,0,0,0,0,0,0
"470",1,0.395833333333333,0.2025,0,0.0277777777777778,1,1,0.365384615384615,0,1,0,1,0,0,0,0,0,0
"471",1,0.1875,0.188333333333333,0,0.0277777777777778,1,1,0.365384615384615,0,1,0,0,0,0,1,0,1,0
"472",1,0.1875,0.187222222222222,0,0.0277777777777778,1,0,0.365384615384615,0,1,0,1,0,0,1,0,1,0
"473",1,0.1875,0.186111111111111,0,0.0277777777777778,1,0,0.365384615384615,0,1,0,0,1,0,1,0,1,0
"474",1,0.1875,0.184722222222222,0,0.0277777777777778,1,0,0.365384615384615,0,1,0,0,0,1,0,1,0,0
"475",1,0.489583333333333,0.111666666666667,0,0.0277777777777778,1,1,0.365384615384615,0,1,0,1,0,0,1,0,0,0
"476",1,0.489583333333333,0.110277777777778,0,0.0277777777777778,1,0,0.365384615384615,0,0,1,0,1,0,0,0,0,0
"477",1,0.8125,0.0786111111111111,0,0.0277777777777778,1,0,0.365384615384615,0,0,1,0,0,0,0,0,0,0
"478",1,0.53125,0.00666666666666667,0,0.0277777777777778,1,0,0.230769230769231,0,1,0,0,0,0,0,0,0,0
"479",0,0.572916666666667,0.945833333333333,0,0.0277777777777778,1,0,0.673076923076923,0,1,0,0,1,0,0,1,0,0
"480",0,0.614583333333333,0.725277777777778,0,0.0277777777777778,1,0,0.673076923076923,0,1,0,1,0,0,0,0,0,0
"481",0,0.666666666666667,0.565,0,0.0277777777777778,0,0,0.615384615384615,0,1,0,0,0,0,0,0,1,0
"482",0,0.635416666666667,0.555277777777778,0,0.0277777777777778,1,1,0.615384615384615,0,1,0,0,1,0,0,1,0,0
"483",0,0.78125,0.515833333333333,0,0.0277777777777778,1,0,0.615384615384615,0,0,1,0,0,0,0,0,1,0
"484",0,0.489583333333333,0.503333333333333,0,0.0277777777777778,1,0,0.615384615384615,0,1,0,0,0,0,0,0,1,0
"485",0,0.604166666666667,0.353611111111111,0,0.0277777777777778,1,0,0.480769230769231,0,1,0,1,0,0,0,0,0,0
"486",0,0.489583333333333,0.330277777777778,0,0.0277777777777778,1,0,0.480769230769231,0,1,0,1,0,0,1,0,1,0
"487",0,0.4375,0.316111111111111,0,0.0277777777777778,1,0,0.480769230769231,0,1,0,0,0,1,1,0,0,0
"488",0,0.708333333333333,0.258055555555556,0,0.0277777777777778,1,1,0.346153846153846,0,1,0,1,0,0,1,1,0,0
"489",0,0.708333333333333,0.256111111111111,0,0.0277777777777778,1,0,0.346153846153846,0,1,0,0,1,0,1,0,1,0
"490",0,0.28125,0.251944444444444,0,0.0277777777777778,1,0,0.346153846153846,0,1,0,0,0,0,1,0,1,0
"491",0,0.270833333333333,0.25,0,0.0277777777777778,1,0,0.346153846153846,0,1,0,0,1,0,0,1,0,0
"492",0,0.322916666666667,0.0333333333333333,0,0.0277777777777778,1,0,0.211538461538462,0,1,0,0,0,0,0,0,1,0
"493",0,0.541666666666667,0.967222222222222,0,0.0277777777777778,1,0,0.673076923076923,0,1,0,0,0,0,1,0,1,0
"494",0,0.322916666666667,0.911388888888889,0,0.0277777777777778,1,0,0.673076923076923,0,1,0,1,0,0,0,0,0,0
"495",0,0.927083333333333,0.819444444444444,0,0.0277777777777778,1,0,0.673076923076923,0,1,0,0,1,0,0,0,0,0
"496",0,0.25,0.534722222222222,0,0.0277777777777778,1,0,0.538461538461538,0,1,0,1,0,0,1,1,0,0
"497",0,0.302083333333333,0.533333333333333,0,0.0277777777777778,1,0,0.538461538461538,0,1,0,0,1,0,0,0,1,0
"498",0,0.625,0.508888888888889,0,0.0277777777777778,1,0,0.596153846153846,0,1,0,1,0,0,1,0,1,0
"499",0,0.625,0.5075,0,0.0277777777777778,1,0,0.596153846153846,0,1,0,0,1,0,1,0,0,0
"500",0,0.625,0.400833333333333,0,0.0277777777777778,1,0,0.192307692307692,0,0,0,0,1,0,1,0,1,0
"501",0,0.583333333333333,0.347777777777778,0,0.0277777777777778,1,1,0.0576923076923077,0,1,0,1,0,0,0,0,0,0
"502",0,0.3125,0.331666666666667,0,0.0277777777777778,1,1,0.0576923076923077,0,0,0,0,0,0,1,0,1,0
"503",0,0.0833333333333333,0.300833333333333,0,0.0277777777777778,1,0,0.0576923076923077,0,1,0,0,1,0,1,0,1,0
"504",0,0.708333333333333,0.124444444444444,0,0.0277777777777778,1,1,0.192307692307692,0,1,0,1,0,0,1,0,1,0
"505",0,0.208333333333333,0.0925,0,0.0277777777777778,1,1,0.192307692307692,0,1,0,0,0,0,1,0,1,0
"506",0,0.3125,0.0844444444444444,0,0.0277777777777778,1,0,0.192307692307692,0,1,0,1,0,0,1,1,0,0
"507",0,0.3125,0.0830555555555555,0,0.0277777777777778,1,0,0.192307692307692,0,1,0,0,1,0,0,0,1,0
"508",0,0.59375,0.0638888888888889,0,0.0277777777777778,0,0,0.25,0,1,0,0,0,0,0,0,0,0
"509",0,0.3125,0.0336111111111111,0,0.0277777777777778,1,1,0.25,0,1,0,1,0,0,0,0,1,0
"510",0,0.3125,0.0311111111111111,0,0.0277777777777778,1,0,0.25,0,1,0,0,1,0,1,0,1,0
"511",1,0.8125,0.895833333333333,0,0.0277777777777778,1,0,0.673076923076923,0,1,0,0,0,0,1,0,1,0
"512",1,0.3125,0.861111111111111,0,0.0277777777777778,1,0,0.673076923076923,0,0,1,1,0,0,1,1,0,0
"513",1,0.760416666666667,0.796944444444444,0,0.0277777777777778,1,0,0.538461538461538,0,1,0,0,0,0,1,0,1,0
"514",1,0.770833333333333,0.621666666666667,0,0.0277777777777778,1,0,0.288461538461538,0,0,0,1,0,0,1,0,1,0
"515",1,0.770833333333333,0.608888888888889,0,0.0277777777777778,1,0,0.288461538461538,0,1,0,0,1,0,1,0,1,0
"516",1,0.90625,0.556388888888889,0,0.0277777777777778,1,0,0.288461538461538,0,1,0,0,0,0,1,0,1,0
"517",1,0.875,0.514166666666667,0,0.0277777777777778,1,0,0.230769230769231,0,1,0,1,0,0,0,1,0,0
"518",1,0.760416666666667,0.5,0,0.0277777777777778,1,0,0.230769230769231,0,1,0,0,0,0,1,1,0,0
"519",1,0.291666666666667,0.361111111111111,0,0.0277777777777778,1,0,0.230769230769231,0,0,0,1,0,0,1,0,0,0
"520",1,0.291666666666667,0.349444444444444,0,0.0277777777777778,1,0,0.230769230769231,0,1,0,0,1,0,1,0,1,0
"521",1,0.364583333333333,0.188333333333333,0,0.0277777777777778,0,0,0.442307692307692,0,1,0,0,0,0,1,0,1,0
"522",1,0.364583333333333,0.186944444444444,0,0.0277777777777778,1,0,0.442307692307692,0,1,0,1,0,0,0,0,1,0
"523",1,0.177083333333333,0.156388888888889,0,0.0277777777777778,1,0,0.442307692307692,0,1,0,0,1,0,1,0,1,0
"524",1,0.0208333333333333,0.133333333333333,1,0.0138888888888889,1,0,0.442307692307692,0,0,0,1,0,0,1,0,1,0
"525",1,0.03125,0.120555555555556,1,0.0277777777777778,1,0,0.442307692307692,0,1,0,0,1,0,1,0,1,0
"526",1,0,0.106944444444444,1,0.0277777777777778,0,0,0.442307692307692,0,1,0,1,0,0,1,1,0,0
"527",1,0,0.104444444444444,1,0.0277777777777778,1,0,0.442307692307692,0,0,1,0,1,0,1,0,0,0
"528",1,0.916666666666667,0.0372222222222222,0,0.0277777777777778,1,0,0.384615384615385,0,1,0,0,0,0,1,0,1,0
"529",1,0.791666666666667,0.0333333333333333,0,0.0277777777777778,1,0,0.384615384615385,0,1,0,0,0,0,1,0,0,0
"530",1,0.791666666666667,0.0319444444444444,0,0.0277777777777778,1,0,0.384615384615385,0,1,0,1,0,0,1,0,1,0
"531",1,0.09375,0.885,0,0.0277777777777778,1,1,0.673076923076923,0,1,0,1,0,0,1,0,0,0
"532",1,0.666666666666667,0.822777777777778,0,0.0277777777777778,1,0,0.596153846153846,0,1,0,0,1,0,1,0,0,0
"533",1,0.770833333333333,0.736944444444444,0,0.0277777777777778,1,0,0.596153846153846,0,1,0,1,0,0,1,0,0,0
"534",1,0.583333333333333,0.534444444444444,0,0.0277777777777778,1,0,0.461538461538462,0,1,0,0,1,0,1,0,0,0
"535",1,0.677083333333333,0.524722222222222,0,0.0277777777777778,1,0,0.326923076923077,0,1,0,1,0,0,0,0,0,0
"536",1,0.59375,0.42,0,0.0277777777777778,1,0,0.134615384615385,0,1,0,1,0,0,1,0,1,0
"537",1,0.625,0.255555555555556,0,0.0277777777777778,1,1,0.134615384615385,0,1,0,1,0,0,1,1,0,0
"538",1,0.614583333333333,0.25,0,0.0138888888888889,1,0,0.134615384615385,0,0,0,0,0,1,1,0,0,0
"539",1,0.760416666666667,0.181388888888889,0,0.0277777777777778,1,0,0,0,1,0,0,0,0,1,0,1,0
"540",1,0.760416666666667,0.179444444444444,0,0.0277777777777778,1,0,0,0,1,0,1,0,0,1,0,0,0
"541",1,0.760416666666667,0.176944444444444,0,0.0277777777777778,1,0,0,0,1,0,0,1,0,1,0,1,0
"542",1,0.427083333333333,0.105277777777778,0,0.0277777777777778,1,0,0,0,1,0,0,0,0,1,0,1,0
"543",1,0.427083333333333,0.104444444444444,0,0.0277777777777778,1,0,0,0,1,0,1,0,0,0,0,1,0
"544",1,0.354166666666667,0.0944444444444444,0,0.0277777777777778,1,0,0,0,1,0,0,0,1,0,0,1,0
"545",0,0.114583333333333,0.899444444444444,0,0.0277777777777778,1,0,0.538461538461538,0,1,0,1,0,0,1,0,1,0
"546",0,0.666666666666667,0.829444444444444,0,0.0277777777777778,1,0,0.538461538461538,0,1,0,0,0,0,1,1,0,0
"547",0,0.635416666666667,0.816944444444444,0,0.0277777777777778,1,0,0.538461538461538,0,1,0,0,1,0,0,0,1,0
"548",0,0.864583333333333,0.716666666666667,0,0.0277777777777778,1,0,0.538461538461538,0,1,0,1,0,0,1,0,1,0
"549",0,1,0.6025,0,0.0277777777777778,1,0,0.538461538461538,0,1,0,0,1,0,1,0,1,0
"550",0,0.614583333333333,0.526666666666667,0,0.0277777777777778,1,1,0.480769230769231,0,1,0,1,0,0,1,0,0,0
"551",0,0.614583333333333,0.524722222222222,0,0.0277777777777778,1,0,0.480769230769231,0,1,0,0,1,0,1,0,1,0
"552",0,0.697916666666667,0.478611111111111,0,0.0277777777777778,1,0,0.423076923076923,0,1,0,0,1,0,0,1,0,0
"553",0,0.125,0.282222222222222,0,0.0277777777777778,1,0,0.423076923076923,0,1,0,0,0,0,1,0,0,0
"554",0,0.364583333333333,0.121388888888889,0,0.0277777777777778,0,0,0.480769230769231,0,1,0,0,0,0,1,0,1,0
"555",0,0.239583333333333,0.107222222222222,0,0.0277777777777778,1,0,0.480769230769231,0,1,0,0,0,0,1,0,0,0
"556",0,0.0208333333333333,0.0102777777777778,1,0.0277777777777778,1,0,0.615384615384615,0,1,0,1,0,0,1,1,0,0
"557",0,0.583333333333333,0.8675,0,0.0277777777777778,1,0,0.403846153846154,0,1,0,0,1,0,1,1,0,0
"558",0,0.666666666666667,0.765,0,0.0277777777777778,1,0,0.403846153846154,0,1,0,1,0,0,1,0,1,0
"559",0,0.666666666666667,0.763888888888889,0,0.0277777777777778,1,0,0.403846153846154,0,1,0,0,1,0,1,0,0,0
"560",0,0.625,0.717222222222222,0,0.0277777777777778,0,0,0.403846153846154,0,1,0,1,0,0,1,0,1,0
"561",0,0.625,0.716388888888889,0,0.0277777777777778,1,0,0.403846153846154,0,1,0,0,1,0,1,0,0,0
"562",0,0.979166666666667,0.535,0,0.0277777777777778,1,0,0.461538461538462,0,1,0,1,0,0,1,0,0,0
"563",0,0.979166666666667,0.533888888888889,0,0.0277777777777778,1,0,0.461538461538462,0,1,0,0,1,0,1,1,0,0
"564",0,0.979166666666667,0.376111111111111,0,0.0277777777777778,1,0,0.403846153846154,0,1,0,0,1,0,1,0,0,0
"565",0,0.135416666666667,0.315,0,0.0277777777777778,1,0,0.403846153846154,0,1,0,0,0,0,1,0,1,0
"566",0,0.677083333333333,0.139722222222222,0,0.0277777777777778,1,0,0.442307692307692,0,1,0,0,0,0,0,0,0,0
"567",0,0.479166666666667,0.119166666666667,0,0.0277777777777778,1,0,0.442307692307692,0,1,0,0,0,0,0,0,0,0
"568",0,0.479166666666667,0.117777777777778,0,0.0277777777777778,1,0,0.442307692307692,0,1,0,1,0,0,1,1,0,0
"569",0,0.479166666666667,0.116666666666667,0,0.0277777777777778,1,0,0.442307692307692,0,1,0,0,1,0,1,0,1,0
"570",0,0.333333333333333,0.110833333333333,0,0.0277777777777778,1,0,0.442307692307692,0,1,0,0,0,0,1,0,1,0
"571",0,0.333333333333333,0.109444444444444,0,0.0277777777777778,1,0,0.442307692307692,0,1,0,1,0,0,1,0,0,0
"572",0,0.03125,0.0883333333333333,1,0.0277777777777778,1,0,0.442307692307692,0,1,0,0,0,0,1,0,1,0
"573",0,0.03125,0.0875,1,0.0277777777777778,1,0,0.442307692307692,0,1,0,1,0,0,1,0,1,0
"574",0,0.0520833333333333,0.0758333333333333,1,0.0277777777777778,1,0,0.442307692307692,0,1,0,0,0,1,1,1,0,0
"575",1,0,0.858333333333333,1,0.0277777777777778,0,0,0.615384615384615,0,1,0,1,0,0,1,0,1,0
"576",1,0,0.857222222222222,1,0.0277777777777778,1,0,0.615384615384615,0,1,0,0,1,0,1,0,0,0
"577",1,0.6875,0.75,0,0.0277777777777778,1,0,0.538461538461538,0,1,0,1,0,0,1,0,0,0
"578",1,0.375,0.716944444444444,0,0.0277777777777778,1,0,0.538461538461538,0,1,0,0,0,0,1,0,1,0
"579",1,0.34375,0.702777777777778,0,0.0277777777777778,1,0,0.538461538461538,0,1,0,0,1,0,1,0,1,0
"580",1,0.65625,0.526388888888889,0,0.0277777777777778,1,1,0.596153846153846,0,0,1,0,0,0,1,0,0,0
"581",1,0.666666666666667,0.5075,0,0.0277777777777778,1,0,0.538461538461538,0,1,0,1,0,0,1,0,1,0
"582",1,0.40625,0.503333333333333,0,0.0277777777777778,1,0,0.538461538461538,0,1,0,1,0,0,1,0,1,0
"583",1,0.322916666666667,0.419166666666667,0,0.0277777777777778,1,0,0.596153846153846,0,1,0,0,0,0,0,0,0,0
"584",1,0.833333333333333,0.351388888888889,0,0.0277777777777778,1,0,0.75,0,0,0,0,0,0,1,0,0,0
"585",1,0.666666666666667,0.288055555555556,0,0.0277777777777778,1,0,0.75,0,1,0,0,1,0,1,0,0,0
"586",1,0.604166666666667,0.192777777777778,0,0.0277777777777778,1,0,0.75,0,1,0,1,0,0,1,0,1,0
"587",1,0.1875,0.0905555555555556,0,0.0277777777777778,0,0,0.884615384615385,0,1,0,0,0,0,1,0,1,0
