"","home_team","yardline_100","game_seconds_remaining","goal_to_go","yards_gained","shotgun","no_huddle","qb_dropback","qb_scramble","score_differential","first_down_rush","down_2","down_3","down_4","run_location_middle","run_location_right","run_gap_end","run_gap_guard","run_gap_tackle","td_team_1","td_team_2"
"1",1,0.755102040816326,0.998880492583263,0,0.105263157894737,1,0,0,0,0.326923076923077,0,0,0,0,1,0,0,0,0,0,0
"2",1,0.377551020408163,0.338371116708648,0,0.115789473684211,1,0,0,0,0.519230769230769,0,0,0,0,1,0,0,0,0,0,0
"3",1,0.255102040816327,0.220263084242933,0,0.105263157894737,1,0,0,0,0.653846153846154,0,0,0,0,0,0,1,0,0,0,0
"4",1,0.459183673469388,0.117548278757347,0,0.115789473684211,1,0,0,0,0.673076923076923,0,0,0,0,1,0,0,0,0,0,0
"5",0,0.673469387755102,0.663028267562273,0,0.115789473684211,0,0,0,0,0.384615384615385,0,0,0,0,0,0,0,1,0,0,0
"6",0,0.744897959183674,0.244332493702771,0,0.0736842105263158,1,0,0,0,0.384615384615385,0,0,0,0,0,0,1,0,0,0,0
"7",1,0.346938775510204,0.758746151693255,0,0.0631578947368421,0,0,0,0,0.0576923076923077,0,1,0,0,0,0,1,0,0,0,0
"8",1,0.612244897959184,0.473551637279597,0,0.105263157894737,0,0,0,0,0.0576923076923077,0,0,0,0,0,1,1,0,0,0,0
"9",1,0.755102040816326,0.376994122586062,0,0.115789473684211,0,0,0,0,0,0,0,0,0,1,0,0,0,0,0,0
"10",1,0.397959183673469,0.298908480268682,0,0.105263157894737,0,0,0,0,0,0,0,0,0,0,0,1,0,0,0,0
"11",0,0.806122448979592,0.31961936747831,0,0.115789473684211,0,0,0,0,0.403846153846154,0,0,0,0,0,1,0,1,0,0,0
"12",0,0.86734693877551,0.832353764343689,0,0.0947368421052632,0,0,0,0,0.326923076923077,0,0,0,0,0,0,0,1,0,0,0
"13",0,0.295918367346939,0.388469073607613,0,0.0947368421052632,1,0,0,0,0.403846153846154,0,0,0,0,1,0,0,0,0,0,0
"14",0,0.0408163265306122,0.193674783095438,0,0.0947368421052632,0,0,0,0,0.403846153846154,0,0,0,1,0,0,0,0,1,0,0
"15",0,0.36734693877551,0.0291071928351525,0,0.0947368421052632,0,0,0,0,0.461538461538462,0,0,0,0,1,0,0,0,0,0,0
"16",0,0.387755102040816,0.0260285474391268,0,0.115789473684211,1,0,0,0,0.461538461538462,0,1,0,0,1,0,0,0,0,0,0
"17",1,0.36734693877551,0.832073887489505,0,0.0842105263157895,0,0,0,0,0.326923076923077,0,0,0,0,1,0,0,0,0,0,0
"18",1,0.561224489795918,0.748110831234257,0,0.115789473684211,0,0,0,0,0.384615384615385,0,0,0,0,1,0,0,0,0,0,0
"19",1,0.826530612244898,0.685978169605374,0,0.0947368421052632,0,0,0,0,0.384615384615385,0,0,0,0,0,0,1,0,0,0,0
"20",1,0.0714285714285714,0.213546039742513,1,0.0631578947368421,1,0,0,0,0.326923076923077,0,0,0,0,0,0,1,0,0,0,0
"21",0,0.908163265306122,0.907080884410859,0,0.0842105263157895,0,0,0,0,0.326923076923077,0,0,1,0,0,0,1,0,0,0,0
"22",0,0.387755102040816,0.797928911279037,0,0,1,0,0,0,0.326923076923077,0,1,0,0,0,0,1,0,0,0,0
"23",0,0.887755102040816,0.722362160649314,0,0.115789473684211,0,0,0,0,0.326923076923077,0,0,0,0,0,1,0,0,1,0,0
"24",0,0,0.522530086761825,1,0.105263157894737,0,0,0,0,0.269230769230769,0,0,0,0,1,0,0,0,0,0,0
"25",0,0.755102040816326,0.358242373355724,0,0.115789473684211,0,0,0,0,0.288461538461538,0,0,0,0,0,0,0,0,1,0,0
"26",0,0.755102040816326,0.205429610971173,0,0.0631578947368421,0,0,0,0,0.192307692307692,0,0,0,0,1,0,0,0,0,0,0
"27",0,0.602040816326531,0.182199832073887,0,0.115789473684211,0,0,0,0,0.192307692307692,0,0,0,0,0,1,0,0,1,0,0
"28",0,0.5,0.0204310103554436,0,0.0947368421052632,1,0,0,0,0,0,0,0,0,1,0,0,0,0,0,0
"29",0,0,0.00867618247970893,1,0.115789473684211,0,0,0,0,0,0,0,0,0,1,0,0,0,0,0,0
"30",1,0.469387755102041,0.885530366638679,0,0.115789473684211,0,0,0,0,0.211538461538462,0,0,1,0,1,0,0,0,0,0,0
"31",1,0.755102040816326,0.767982087881332,0,0.115789473684211,0,0,0,0,0.211538461538462,0,0,0,0,0,0,1,0,0,0,0
"32",1,0.908163265306122,0.832353764343689,0,0.0947368421052632,0,0,0,0,0.384615384615385,0,1,0,0,0,0,0,0,1,0,0
"33",1,0.387755102040816,0.663308144416457,0,0.115789473684211,1,0,0,0,0.384615384615385,0,0,1,0,0,0,0,1,0,0,0
"34",1,0.642857142857143,0.0890008396305626,0,0.105263157894737,1,0,0,0,0.634615384615385,0,1,0,0,0,0,0,0,1,0,0
"35",1,0.397959183673469,0.0537363560033585,0,0.115789473684211,0,0,0,0,0.769230769230769,0,0,0,0,1,0,0,0,0,0,0
"36",1,0.397959183673469,0.0425412818359922,0,0.115789473684211,1,0,0,0,0.769230769230769,0,1,0,0,0,0,0,0,1,0,0
"37",1,0.397959183673469,0.0296669465435208,0,0.115789473684211,0,0,0,0,0.769230769230769,0,0,1,0,0,1,0,0,1,0,0
"38",0,0.255102040816327,0.794010635320459,0,0.115789473684211,1,0,0,0,0.192307692307692,0,0,0,0,0,0,1,0,0,0,0
"39",0,0,0.397425132941506,1,0.115789473684211,0,0,0,0,0.384615384615385,0,0,1,0,1,0,0,0,0,0,0
"40",0,0.183673469387755,0.287433529247131,0,0.0947368421052632,0,0,0,0,0.519230769230769,0,0,0,0,1,0,0,0,0,0,0
"41",0,0.428571428571429,0.865938986845788,0,0.115789473684211,0,0,0,0,0.326923076923077,0,0,0,0,1,0,0,0,0,0,0
"42",0,0.63265306122449,0.812762384550798,0,0.115789473684211,0,0,0,0,0.326923076923077,0,0,0,0,0,0,0,1,0,0,0
"43",0,0.204081632653061,0.779736915757067,0,0.0631578947368421,0,0,0,0,0.326923076923077,0,0,0,0,0,0,1,0,0,0,0
"44",0,0.540816326530612,0.65211307024909,0,0.0947368421052632,0,0,0,0,0.326923076923077,0,1,0,0,1,0,0,0,0,0,0
"45",1,0.397959183673469,0.95018191995522,0,0.115789473684211,0,0,0,0,0.326923076923077,0,0,0,0,1,0,0,0,0,0,0
"46",1,0,0.642877134061013,1,0.115789473684211,0,0,0,0,0.576923076923077,0,0,0,0,1,0,0,0,0,0,0
"47",1,0.102040816326531,0.516652672823957,0,0.0947368421052632,0,0,0,0,0.711538461538462,0,0,0,0,1,0,0,0,0,0,0
"48",1,0.602040816326531,0.459277917716205,0,0.105263157894737,0,0,0,0,0.769230769230769,0,0,0,0,1,0,0,0,0,0,0
"49",1,0.510204081632653,0.437727399944025,0,0.115789473684211,0,0,0,0,0.769230769230769,0,0,1,0,1,0,0,0,0,0,0
"50",1,0.979591836734694,0.0948782535684299,0,0.115789473684211,0,0,0,0,0.557692307692308,0,0,0,0,1,0,0,0,0,0,0
"51",1,0.989795918367347,0.0786453960257487,0,0.115789473684211,0,0,0,0,0.557692307692308,0,1,0,0,1,0,0,0,0,0,0
"52",1,0.224489795918367,0.0461796809403862,0,0.0842105263157895,0,0,0,0,0.557692307692308,0,1,0,0,1,0,0,0,0,0,0
"53",1,0.0408163265306122,0.019311502938707,1,0.115789473684211,0,0,0,0,0.615384615384615,0,0,0,0,1,0,0,0,0,0,0
"54",1,0.0408163265306122,0.00839630562552477,1,0.115789473684211,0,0,0,0,0.615384615384615,0,1,0,0,1,0,0,0,0,0,0
"55",1,0.0408163265306122,0.00111950741673664,1,0.115789473684211,0,0,0,0,0.615384615384615,0,0,1,0,1,0,0,0,0,0,0
"56",1,0.653061224489796,0.679820878813322,0,0.115789473684211,1,0,0,0,0.403846153846154,0,0,0,0,0,0,1,0,0,0,0
"57",1,0.846938775510204,0.494822278197593,0,0.115789473684211,0,0,0,0,0.730769230769231,0,0,0,0,0,1,1,0,0,0,0
"58",0,0.704081632653061,0.787853344528407,0,0.0736842105263158,0,0,0,0,0.461538461538462,0,0,0,0,0,0,0,1,0,0,0
"59",0,0.306122448979592,0.655191715645116,0,0.0842105263157895,0,0,0,0,0.461538461538462,0,0,0,0,0,0,1,0,0,0,0
"60",0,0.112244897959184,0.549398264763504,0,0.0842105263157895,0,0,0,0,0.461538461538462,0,1,0,0,1,0,0,0,0,0,0
"61",0,0.979591836734694,0.470472991883571,0,0.115789473684211,0,0,0,0,0.576923076923077,0,0,0,0,0,0,0,0,1,0,0
"62",0,0.581632653061224,0.425412818359922,0,0.115789473684211,0,0,0,0,0.576923076923077,0,0,0,0,0,1,0,0,1,0,0
"63",0,0.112244897959184,0.93003078645396,0,0.115789473684211,0,0,0,0,0.461538461538462,0,0,0,0,0,0,1,0,0,0,0
"64",0,0.275510204081633,0.799608172404142,0,0.0842105263157895,0,0,0,0,0.596153846153846,0,0,0,0,0,0,1,0,0,0,0
"65",0,0.408163265306122,0.612930310663308,0,0.0526315789473684,0,0,0,0,0.538461538461538,0,0,0,0,0,1,1,0,0,0,0
"66",0,0.714285714285714,0.160369437447523,0,0.105263157894737,0,0,0,0,0.557692307692308,0,0,0,0,0,0,0,0,1,0,0
"67",1,0,0.912958298348727,1,0.105263157894737,0,0,0,0,0.326923076923077,0,0,1,0,1,0,0,0,0,0,0
"68",1,0.255102040816327,0.791491743632802,0,0.0842105263157895,0,0,0,0,0.326923076923077,0,0,0,0,1,0,0,0,0,0,0
"69",1,0.0714285714285714,0.546039742513294,1,0.115789473684211,0,0,0,0,0.269230769230769,0,0,0,0,1,0,0,0,0,0,0
"70",1,0.63265306122449,0.364679541001959,0,0.0736842105263158,0,0,0,0,0.25,0,0,0,0,1,0,0,0,0,0,0
"71",1,0.448979591836735,0.254967814161769,0,0.0736842105263158,0,0,0,0,0.25,0,1,0,0,1,0,0,0,0,0,0
"72",1,0.979591836734694,0.155051777218024,0,0.168421052631579,1,0,1,1,0.25,0,0,1,0,0,1,1,0,0,1,0
"73",1,0.591836734693878,0.815001399384271,0,0.136842105263158,1,0,0,0,0.384615384615385,0,0,0,0,1,0,0,0,0,0,0
"74",1,0.0816326530612245,0.657430730478589,1,0.136842105263158,1,0,0,0,0.461538461538462,0,1,0,0,0,1,1,0,0,0,0
"75",1,0.602040816326531,0.392667226420375,0,0.126315789473684,1,0,0,0,0.519230769230769,0,0,0,0,0,0,1,0,0,0,0
"76",1,0.459183673469388,0.112230618527848,0,0.136842105263158,1,0,0,0,0.673076923076923,0,1,0,0,1,0,0,0,0,0,0
"77",1,0.0714285714285714,0.0677301987125665,0,0.126315789473684,0,0,0,0,0.673076923076923,0,1,0,0,1,0,0,0,0,0,0
"78",0,0.918367346938776,0.295549958018472,0,0.126315789473684,0,0,0,0,0.384615384615385,0,1,0,0,0,1,0,0,1,0,0
"79",0,0.785714285714286,0.263923873495662,0,0.136842105263158,0,0,0,0,0.384615384615385,0,1,0,0,0,1,0,0,1,0,0
"80",0,0.0204081632653061,0.197593059054016,0,0.126315789473684,1,0,0,0,0.384615384615385,0,0,1,0,0,0,0,1,0,0,0
"81",0,0.755102040816326,0.0934788692975091,0,0.126315789473684,0,0,0,0,0.461538461538462,0,0,0,0,1,0,0,0,0,0,0
"82",0,0.653061224489796,0.0716484746711447,0,0.126315789473684,1,0,0,0,0.461538461538462,0,0,0,0,1,0,0,0,0,0,0
"83",0,0.744897959183674,0.0570948782535684,0,0.126315789473684,1,0,0,0,0.461538461538462,0,0,1,0,0,1,0,0,1,0,0
"84",1,0.755102040816326,0.966974531206269,0,0.136842105263158,0,0,0,0,0.192307692307692,0,0,0,0,0,1,1,0,0,0,0
"85",1,0.469387755102041,0.832633641197873,0,0.126315789473684,0,0,0,0,0.0576923076923077,0,0,0,0,1,0,0,0,0,0,0
"86",1,0.255102040816327,0.765743073047859,0,0.126315789473684,0,0,0,0,0.0576923076923077,0,0,0,0,0,0,1,0,0,0,0
"87",1,0.591836734693878,0.591939546599496,0,0.126315789473684,1,0,0,0,0.0576923076923077,0,1,0,0,1,0,0,0,0,0,0
"88",1,0.642857142857143,0.35600335852225,0,0.136842105263158,0,1,0,0,0,0,0,0,0,0,0,1,0,0,0,0
"89",1,0.540816326530612,0.31961936747831,0,0.126315789473684,1,0,0,0,0,0,0,0,0,1,0,0,0,0,0,0
"90",1,0.612244897959184,0.104673943464875,0,0.126315789473684,1,0,1,1,0.0769230769230769,0,0,0,0,0,1,1,0,0,0,0
"91",0,0.653061224489796,0.988245172124265,0,0.136842105263158,0,0,0,0,0.326923076923077,0,0,0,0,1,0,0,0,0,0,0
"92",0,0.397959183673469,0.9434648754548,0,0.126315789473684,0,0,0,0,0.326923076923077,0,0,1,0,0,0,1,0,0,0,0
"93",0,0.938775510204082,0.694374475230898,0,0.136842105263158,0,0,0,0,0.538461538461538,0,1,0,0,0,0,0,1,0,0,0
"94",0,0.693877551020408,0.529806884970613,0,0.136842105263158,1,0,0,0,0.596153846153846,0,1,0,0,1,0,0,0,0,0,0
"95",0,0.602040816326531,0.262524489224741,0,0.136842105263158,0,0,0,0,0.269230769230769,0,0,0,0,0,1,1,0,0,0,0
"96",0,0.438775510204082,0.174923033865099,0,0.136842105263158,0,0,0,0,0.269230769230769,0,0,0,0,0,1,0,0,1,0,0
"97",0,0.755102040816326,0.512454520011195,0,0.126315789473684,1,0,0,0,0.403846153846154,0,0,0,0,0,1,0,0,1,0,0
"98",0,0.948979591836735,0.295549958018472,0,0.136842105263158,0,0,0,0,0.403846153846154,0,0,0,0,0,1,0,1,0,0,0
"99",0,0.755102040816326,0.0909599776098517,0,0.136842105263158,1,0,0,0,0.346153846153846,0,0,0,0,0,1,0,1,0,0,0
"100",1,0.591836734693878,0.982647635040582,0,0.126315789473684,0,0,0,0,0.326923076923077,0,0,0,0,0,1,1,0,0,0,0
"101",1,0.591836734693878,0.894766302826756,0,0.126315789473684,0,0,0,0,0.326923076923077,0,1,0,0,1,0,0,0,0,0,0
"102",1,0.346938775510204,0.446403582423734,0,0.136842105263158,0,0,0,0,0.326923076923077,0,0,0,0,1,0,0,0,0,0,0
"103",0,0.887755102040816,0.7120067170445,0,0.136842105263158,0,0,0,0,0.326923076923077,0,1,0,0,0,1,0,1,0,0,0
"104",0,0.755102040816326,0.605373635600336,0,0.126315789473684,0,0,0,0,0.269230769230769,0,0,0,0,0,0,0,0,1,0,0
"105",0,0.244897959183673,0.526168485866219,0,0.136842105263158,1,0,0,0,0.269230769230769,0,0,0,0,1,0,0,0,0,0,0
"106",0,0.755102040816326,0.496221662468514,0,0.126315789473684,0,0,0,0,0.346153846153846,0,0,0,0,0,1,0,1,0,0,0
"107",1,0.63265306122449,0.71536523929471,0,0.136842105263158,0,0,0,0,0.211538461538462,0,0,0,0,1,0,0,0,0,0,0
"108",1,0.591836734693878,0.972012314581584,0,0.136842105263158,1,0,0,0,0.326923076923077,0,0,0,0,0,1,0,1,0,0,0
"109",1,0.520408163265306,0.925552756787014,0,0.126315789473684,1,0,0,0,0.326923076923077,0,0,0,0,0,1,0,0,1,0,0
"110",1,0.397959183673469,0.673943464875455,0,0.126315789473684,0,0,0,0,0.384615384615385,0,1,0,0,0,0,1,0,0,0,0
"111",1,0.5,0.39434648754548,0,0.126315789473684,1,0,1,1,0.442307692307692,0,0,0,0,0,1,1,0,0,0,0
"112",1,0.173469387755102,0.353484466834593,0,0.126315789473684,1,0,0,0,0.442307692307692,0,1,0,0,0,0,0,1,0,0,0
"113",1,0.224489795918367,0.278197593059054,0,0.126315789473684,0,0,0,0,0.5,0,0,0,0,0,0,0,1,0,0,0
"114",1,0.693877551020408,0.165407220822838,0,0.136842105263158,1,0,0,0,0.634615384615385,0,0,0,0,0,1,1,0,0,0,0
"115",1,0.0204081632653061,0.0677301987125665,1,0.136842105263158,1,0,0,0,0.634615384615385,0,0,0,0,0,1,1,0,0,0,0
"116",0,0.36734693877551,0.818359921634481,0,0.136842105263158,1,0,0,0,0.192307692307692,0,0,0,0,0,0,1,0,0,0,0
"117",0,0.63265306122449,0.480268681780017,0,0.136842105263158,0,0,0,0,0.384615384615385,0,1,0,0,0,0,0,0,1,0,0
"118",0,0.0102040816326531,0.408060453400504,1,0.126315789473684,0,0,0,0,0.384615384615385,0,1,0,0,1,0,0,0,0,0,0
"119",0,0.653061224489796,0.11978729359082,0,0.136842105263158,0,0,0,0,0.788461538461538,0,1,0,0,1,0,0,0,0,0,0
"120",0,0.551020408163265,0.0937587461516933,0,0.126315789473684,0,0,0,0,0.788461538461538,0,0,0,0,0,0,1,0,0,0,0
"121",0,0.693877551020408,0.888888888888889,0,0.136842105263158,0,0,0,0,0.326923076923077,0,0,0,0,1,0,0,0,0,0,0
"122",0,0.428571428571429,0.853624405261685,0,0.136842105263158,0,0,0,0,0.326923076923077,0,1,0,0,0,1,0,1,0,0,0
"123",0,0.459183673469388,0.244332493702771,0,0.136842105263158,0,0,0,0,0.788461538461538,0,1,0,0,0,1,0,0,1,0,0
"124",0,0.857142857142857,0.0713685978169605,0,0.126315789473684,0,0,0,0,0.75,0,1,0,0,0,0,1,0,0,0,0
"125",1,0.540816326530612,0.824237335572348,0,0.126315789473684,0,0,0,0,0.326923076923077,0,0,0,0,1,0,0,0,0,0,0
"126",1,0.836734693877551,0.686537923313742,0,0.126315789473684,0,0,0,0,0.576923076923077,0,0,0,0,1,0,0,0,0,0,0
"127",1,0.826530612244898,0.677022110271481,0,0.136842105263158,1,0,1,1,0.576923076923077,0,1,0,0,1,0,0,0,0,0,0
"128",1,0.612244897959184,0.589980408620207,0,0.126315789473684,0,0,0,0,0.711538461538462,0,1,0,0,0,0,1,0,0,0,0
"129",1,0.23469387755102,0.529806884970613,0,0.126315789473684,0,0,0,0,0.711538461538462,0,0,0,0,1,0,0,0,0,0,0
"130",1,0.704081632653061,0.330254687937308,0,0.136842105263158,0,0,0,0,0.711538461538462,0,1,0,0,0,0,0,1,0,0,0
"131",1,0.704081632653061,0.210187517492303,0,0.126315789473684,0,0,0,0,0.557692307692308,0,1,0,0,1,0,0,0,0,0,0
"132",1,0.23469387755102,0.047579065211307,0,0.126315789473684,0,0,0,0,0.557692307692308,0,0,0,0,1,0,0,0,0,0,0
"133",1,0.255102040816327,0.0450601735236496,0,0.136842105263158,1,0,0,0,0.557692307692308,0,0,1,0,1,0,0,0,0,0,0
"134",1,0.86734693877551,0.818080044780297,0,0.136842105263158,0,0,0,0,0.403846153846154,0,0,0,0,0,1,0,1,0,0,0
"135",1,0.540816326530612,0.329694934228939,0,0.126315789473684,1,0,0,0,0.730769230769231,0,0,0,0,0,0,1,0,0,0,0
"136",1,0.642857142857143,0.0859221942345368,0,0.126315789473684,0,0,0,0,1,0,0,0,0,1,0,0,0,0,0,0
"137",0,0.673469387755102,0.991323817520291,0,0.126315789473684,0,1,0,0,0.326923076923077,0,1,0,0,0,0,0,1,0,0,0
"138",0,0.408163265306122,0.953820319059614,0,0.126315789473684,0,0,0,0,0.326923076923077,0,0,0,0,0,1,0,0,1,0,0
"139",0,0.622448979591837,0.878533445284075,0,0.136842105263158,0,1,0,0,0.403846153846154,0,0,0,0,0,0,0,1,0,0,0
"140",0,0.653061224489796,0.232017912118668,0,0.126315789473684,1,0,0,0,0.519230769230769,0,0,0,0,0,0,1,0,0,0,0
"141",0,0.438775510204082,0.0310663308144416,0,0.126315789473684,0,0,0,0,0.384615384615385,0,0,0,0,1,0,0,0,0,0,0
"142",0,0.326530612244898,0.0260285474391268,0,0.126315789473684,0,0,0,0,0.384615384615385,0,1,0,0,0,1,0,1,0,0,0
"143",0,0.857142857142857,0.851105513574027,0,0.136842105263158,0,0,0,0,0.596153846153846,0,1,0,0,0,1,0,0,1,0,0
"144",0,0.459183673469388,0.81696053736356,0,0.136842105263158,0,0,0,0,0.596153846153846,0,0,0,0,0,0,0,1,0,0,0
"145",0,0.551020408163265,0.634760705289673,0,0.136842105263158,0,0,0,0,0.538461538461538,0,0,0,0,0,0,0,0,1,0,0
"146",0,0.408163265306122,0.0453400503778338,0,0.136842105263158,0,0,0,0,0.557692307692308,0,0,0,0,0,1,0,0,1,0,0
"147",1,0.224489795918367,0.948502658830115,0,0.136842105263158,0,0,0,0,0.326923076923077,0,0,0,0,1,0,0,0,0,0,0
"148",1,0.0102040816326531,0.919115589140778,1,0.126315789473684,0,0,0,0,0.326923076923077,0,1,0,0,1,0,0,0,0,0,0
"149",1,0.795918367346939,0.852504897844948,0,0.136842105263158,1,0,0,0,0.326923076923077,0,0,0,0,0,0,1,0,0,0,0
"150",1,0.775510204081633,0.841589700531766,0,0.126315789473684,0,0,0,0,0.326923076923077,0,1,0,0,1,0,0,0,0,0,0
"151",1,0.530612244897959,0.673103834312902,0,0.136842105263158,1,0,1,1,0.403846153846154,0,0,1,0,1,0,0,0,0,0,0
"152",1,0.336734693877551,0.680100755667506,0,0.147368421052632,0,0,0,0,0.461538461538462,0,0,0,0,0,1,1,0,0,0,0
"153",1,0.520408163265306,0.547159249930031,0,0.157894736842105,1,0,0,0,0.461538461538462,0,1,0,0,1,0,0,0,0,0,0
"154",1,0.510204081632653,0.370836831794011,0,0.136842105263158,0,0,0,0,0.519230769230769,1,0,1,0,1,0,0,0,0,0,0
"155",1,0.397959183673469,0.348166806605094,0,0.136842105263158,1,0,0,0,0.519230769230769,1,1,0,0,1,0,0,0,0,0,0
"156",1,0.112244897959184,0.0803246571508536,0,0.157894736842105,0,0,0,0,0.673076923076923,0,0,0,0,1,0,0,0,0,0,0
"157",1,0.214285714285714,0.0181919955219703,0,0.147368421052632,0,0,0,0,0.596153846153846,0,1,0,0,1,0,0,0,0,0,0
"158",0,0.36734693877551,0.819479429051218,0,0.157894736842105,1,0,0,0,0.326923076923077,0,0,0,0,0,1,0,1,0,0,0
"159",0,0.642857142857143,0.717324377273999,0,0.147368421052632,1,0,0,0,0.384615384615385,0,0,0,0,0,1,0,1,0,0,0
"160",0,0.387755102040816,0.502378953260565,0,0.157894736842105,1,0,1,1,0.326923076923077,0,0,0,0,0,1,0,0,1,0,0
"161",0,0.76530612244898,0.372236216064931,0,0.147368421052632,1,0,0,0,0.384615384615385,0,1,0,0,0,1,0,0,1,0,0
"162",0,0.76530612244898,0.251889168765743,0,0.136842105263158,1,0,0,0,0.384615384615385,1,0,1,0,1,0,0,0,0,0,0
"163",0,0.0102040816326531,0.188636999720123,0,0.136842105263158,1,0,0,0,0.384615384615385,1,0,0,1,1,0,0,0,0,0,1
"164",1,0.755102040816326,0.932829554995802,0,0.157894736842105,1,0,0,0,0.192307692307692,0,1,0,0,1,0,0,0,0,0,0
"165",1,0.744897959183674,0.856143296949342,0,0.157894736842105,0,0,0,0,0.0576923076923077,0,0,0,0,1,0,0,0,0,0,0
"166",1,0.673469387755102,0.689056815001399,0,0.157894736842105,0,0,0,0,0.0576923076923077,0,0,0,0,1,0,0,0,0,0,0
"167",1,0.581632653061224,0.581863979848867,0,0.136842105263158,0,0,0,0,0.0576923076923077,1,0,1,0,1,0,0,0,0,0,0
"168",1,0.142857142857143,0.450321858382312,0,0.157894736842105,1,0,0,0,0.0576923076923077,0,0,0,0,1,0,0,0,0,0,0
"169",0,0.744897959183674,0.800167926112511,0,0.157894736842105,1,0,0,0,0.403846153846154,0,0,0,0,0,1,1,0,0,0,0
"170",0,0.693877551020408,0.767982087881332,0,0.147368421052632,0,0,0,0,0.403846153846154,0,0,0,0,1,0,0,0,0,0,0
"171",0,0.642857142857143,0.642597257206829,0,0.147368421052632,0,0,0,0,0.538461538461538,0,0,0,0,0,1,0,1,0,0,0
"172",0,0.551020408163265,0.62244612370557,0,0.136842105263158,0,0,0,0,0.538461538461538,1,0,1,0,1,0,0,0,0,0,0
"173",0,0.612244897959184,0.673943464875455,0,0.157894736842105,0,0,0,0,0.596153846153846,0,1,0,0,0,0,0,1,0,0,0
"174",0,0.755102040816326,0.419815281276238,0,0.157894736842105,0,0,0,0,0.403846153846154,0,0,0,0,0,0,0,1,0,0,0
"175",0,0.316326530612245,0.37615449202351,0,0.157894736842105,1,0,1,1,0.403846153846154,0,1,0,0,0,0,0,1,0,0,0
"176",0,0.255102040816327,0.225020990764064,0,0.147368421052632,0,0,0,0,0.403846153846154,0,0,0,0,0,1,0,0,1,0,0
"177",1,0.612244897959184,0.90512174643157,0,0.136842105263158,0,0,0,0,0.326923076923077,1,1,0,0,1,0,0,0,0,0,0
"178",1,0.0918367346938776,0.41253848306745,0,0.157894736842105,0,0,0,0,0.326923076923077,1,1,0,0,1,0,0,0,0,0,0
"179",1,0.0510204081632653,0.400223901483347,1,0.147368421052632,1,0,0,0,0.326923076923077,0,1,0,0,0,1,1,0,0,0,0
"180",1,0.479591836734694,0.254128183599216,0,0.157894736842105,0,0,0,0,0.326923076923077,0,0,0,0,1,0,0,0,0,0,0
"181",1,0.602040816326531,0.146375594738315,0,0.157894736842105,0,0,0,0,0.461538461538462,0,0,0,0,0,1,1,0,0,0,0
"182",1,0.408163265306122,0.0601735236495942,0,0.147368421052632,0,0,0,0,0.461538461538462,0,1,0,0,1,0,0,0,0,0,0
"183",1,0.0816326530612245,0.0260285474391268,0,0.136842105263158,0,0,0,0,0.461538461538462,1,1,0,0,1,0,0,0,0,0,0
"184",0,1,0.926952141057935,0,0.157894736842105,0,0,0,0,0.326923076923077,0,0,0,0,0,1,0,1,0,0,0
"185",0,0.428571428571429,0.80688497061293,0,0.157894736842105,0,0,0,0,0.326923076923077,0,0,0,0,0,1,0,1,0,0,0
"186",0,0.408163265306122,0.480548558634201,0,0.147368421052632,0,0,0,0,0.346153846153846,0,0,0,0,0,1,0,0,1,0,0
"187",1,0.469387755102041,0.872935908200392,0,0.136842105263158,0,0,0,0,0.211538461538462,1,0,0,1,1,0,0,0,0,0,0
"188",1,0.26530612244898,0.843268961656871,0,0.147368421052632,0,0,0,0,0.211538461538462,0,1,0,0,1,0,0,0,0,0,0
"189",1,0.857142857142857,0.748670584942625,0,0.157894736842105,1,0,0,0,0.211538461538462,0,1,0,0,0,0,1,0,0,0,0
"190",1,0.755102040816326,0.54575986565911,0,0.157894736842105,1,0,0,0,0.153846153846154,0,0,0,0,0,1,1,0,0,0,0
"191",1,0.693877551020408,0.486705849426252,0,0.147368421052632,0,0,0,0,0.0961538461538462,0,1,0,0,1,0,0,0,0,0,0
"192",1,0.673469387755102,0.358522250209908,0,0.147368421052632,1,0,0,0,0.0961538461538462,0,1,0,0,0,0,1,0,0,0,0
"193",1,0.591836734693878,0.269241533725161,0,0.147368421052632,0,0,0,0,0.0384615384615385,0,0,0,0,0,0,1,0,0,0,0
"194",1,0.948979591836735,0.840470193115029,0,0.157894736842105,1,0,0,0,0.384615384615385,0,0,0,0,0,0,0,1,0,0,0
"195",1,0.816326530612245,0.814441645675903,0,0.147368421052632,1,0,0,0,0.384615384615385,0,0,0,0,1,0,0,0,0,0,0
"196",1,0.785714285714286,0.805765463196194,0,0.157894736842105,1,0,0,0,0.384615384615385,0,1,0,0,0,1,0,0,1,0,0
"197",1,0.622448979591837,0.714805485586342,0,0.147368421052632,1,0,0,0,0.384615384615385,0,0,0,0,0,0,0,0,1,0,0
"198",1,0.591836734693878,0.705009795689896,0,0.157894736842105,1,0,0,0,0.384615384615385,0,1,0,0,1,0,0,0,0,0,0
"199",1,0.26530612244898,0.644556395186118,0,0.157894736842105,0,0,0,0,0.384615384615385,0,0,0,0,1,0,0,0,0,0,0
"200",1,0.683673469387755,0.101875174923034,0,0.157894736842105,1,0,0,0,0.634615384615385,0,0,0,0,1,0,0,0,0,0,0
"201",0,0.76530612244898,0.86202071088721,0,0.157894736842105,0,0,0,0,0.192307692307692,0,0,0,0,0,1,1,0,0,0,0
"202",0,0.428571428571429,0.69381472152253,0,0.147368421052632,0,0,0,0,0.326923076923077,0,0,0,0,1,0,0,0,0,0,0
"203",0,0.23469387755102,0.671144696333613,0,0.147368421052632,1,0,0,0,0.326923076923077,0,0,0,0,1,0,0,0,0,0,0
"204",0,0.806122448979592,0.599216344808284,0,0.147368421052632,0,0,0,0,0.384615384615385,0,0,0,0,0,0,1,0,0,0,0
"205",0,0.673469387755102,0.490344248530647,0,0.157894736842105,0,0,0,0,0.384615384615385,0,0,0,0,1,0,0,0,0,0,0
"206",0,0.102040816326531,0.219703330534565,0,0.157894736842105,0,0,0,0,0.653846153846154,0,0,0,0,0,0,0,0,1,0,0
"207",0,0.540816326530612,0.0822837951301427,0,0.147368421052632,1,0,0,0,0.788461538461538,0,1,0,0,0,1,1,0,0,0,0
"208",0,0.438775510204082,0.792891127903722,0,0.147368421052632,1,1,0,0,0.326923076923077,0,0,0,0,0,1,0,1,0,0,0
"209",0,0.112244897959184,0.757906521130702,0,0.136842105263158,0,1,0,0,0.326923076923077,1,0,1,0,1,0,0,0,0,0,0
"210",0,0.806122448979592,0.385110551357403,0,0.147368421052632,0,0,0,0,0.807692307692308,0,0,0,0,0,1,0,0,1,0,0
"211",0,0.112244897959184,0.184158970053177,0,0.157894736842105,0,0,0,0,0.673076923076923,0,0,0,0,0,1,1,0,0,0,0
"212",0,0.897959183673469,0.0727679820878813,0,0.157894736842105,0,0,0,0,0.75,0,0,0,0,1,0,0,0,0,0,0
"213",0,0.846938775510204,0.0699692135460397,0,0.147368421052632,0,0,0,0,0.75,0,0,1,0,0,1,1,0,0,0,0
"214",1,0.63265306122449,0.846627483907081,0,0.147368421052632,0,0,0,0,0.326923076923077,0,1,0,0,1,0,0,0,0,0,0
"215",1,0.551020408163265,0.567590260285474,0,0.147368421052632,0,0,0,0,0.711538461538462,0,0,0,0,1,0,0,0,0,0,0
"216",1,0.510204081632653,0.424013434089001,0,0.136842105263158,0,0,0,0,0.769230769230769,1,0,0,1,1,0,0,0,0,0,0
"217",1,0.561224489795918,0.654911838790932,0,0.136842105263158,0,0,0,0,0.403846153846154,1,0,1,0,1,0,0,0,0,0,0
"218",1,0.0306122448979592,0.596977329974811,1,0.147368421052632,1,0,0,0,0.403846153846154,0,0,0,0,1,0,0,0,0,0,0
"219",1,0.183673469387755,0.21130702490904,0,0.157894736842105,0,0,0,0,0.865384615384615,0,1,0,0,0,0,1,0,0,0,0
"220",1,0.76530612244898,0.16484746711447,0,0.157894736842105,0,0,0,0,1,0,1,0,0,0,1,1,0,0,0,0
"221",1,0.63265306122449,0.0741673663588021,0,0.147368421052632,0,0,0,0,1,0,1,0,0,0,0,1,0,0,0,0
"222",1,0.510204081632653,0.0464595577945704,0,0.147368421052632,1,0,0,0,1,0,0,0,0,0,0,1,0,0,0,0
"223",0,0.173469387755102,0.843548838511055,0,0.147368421052632,1,0,0,0,0.403846153846154,0,1,0,0,0,0,0,0,1,0,0
"224",0,0.561224489795918,0.698852504897845,0,0.147368421052632,0,0,0,0,0.461538461538462,0,0,0,0,0,0,0,1,0,0,0
"225",0,0.346938775510204,0.581304226140498,0,0.147368421052632,0,0,0,0,0.461538461538462,0,0,0,0,0,1,0,0,1,0,0
"226",0,0.683673469387755,0.448642597257207,0,0.157894736842105,1,0,0,0,0.576923076923077,0,0,0,0,0,0,0,1,0,0,0
"227",0,0.571428571428571,0.0554156171284635,0,0.157894736842105,1,0,0,0,0.384615384615385,0,0,0,0,1,0,0,0,0,0,0
"228",0,0.357142857142857,0.0274279317100476,0,0.147368421052632,1,0,0,0,0.384615384615385,0,0,0,0,0,1,0,1,0,0,0
"229",0,0.826530612244898,0.998320738874895,0,0.157894736842105,0,0,0,0,0.326923076923077,0,0,0,0,0,0,1,0,0,0,0
"230",0,0.785714285714286,0.440246291631682,0,0.147368421052632,0,0,0,0,0.596153846153846,0,0,0,0,0,0,0,0,1,0,0
"231",0,0.755102040816326,0.429051217464316,0,0.147368421052632,0,0,0,0,0.596153846153846,0,1,0,0,0,0,0,0,1,0,0
"232",0,0.551020408163265,0.273999440246292,0,0.147368421052632,0,0,0,0,0.538461538461538,0,0,0,0,0,1,1,0,0,0,0
"233",0,0.928571428571429,0.192275398824517,0,0.157894736842105,0,0,0,0,0.557692307692308,0,0,0,0,0,1,0,0,1,0,0
"234",1,0.0408163265306122,0.929471032745592,1,0.147368421052632,0,0,0,0,0.326923076923077,0,0,0,0,1,0,0,0,0,0,0
"235",1,0.377551020408163,0.812762384550798,0,0.157894736842105,1,0,0,0,0.326923076923077,0,1,0,0,0,1,1,0,0,0,0
"236",1,0.663265306122449,0.140778057654632,0,0.126315789473684,1,1,0,0,0.115384615384615,1,1,0,0,0,0,1,0,0,0,0
"237",1,0.153061224489796,0.922474111390988,0,0.168421052631579,1,0,0,0,0.461538461538462,0,0,0,0,0,1,1,0,0,0,0
"238",1,0.479591836734694,0.537923313741954,0,0.157894736842105,0,0,0,0,0.461538461538462,1,0,1,0,1,0,0,0,0,0,0
"239",1,0,0.285754268122026,1,0.126315789473684,1,0,0,0,0.519230769230769,1,0,0,0,1,0,0,0,0,0,1
"240",1,0.602040816326531,0.244332493702771,0,0.147368421052632,1,0,0,0,0.653846153846154,1,1,0,0,0,0,1,0,0,0,0
"241",1,0.0714285714285714,0.188357122865939,1,0.168421052631579,1,0,0,0,0.653846153846154,0,0,0,0,1,0,0,0,0,0,0
"242",1,0.275510204081633,0.0204310103554436,0,0.178947368421053,0,0,0,0,0.596153846153846,0,0,0,0,1,0,0,0,0,0,0
"243",1,0.183673469387755,0.0162328575426812,0,0.147368421052632,0,0,0,0,0.596153846153846,1,0,1,0,1,0,0,0,0,0,0
"244",0,0.836734693877551,0.947383151413378,0,0.178947368421053,0,0,0,0,0.326923076923077,0,0,0,0,0,0,0,0,1,0,0
"245",0,0.86734693877551,0.893087041701651,0,0.178947368421053,0,0,0,0,0.326923076923077,1,1,0,0,0,0,0,0,1,0,0
"246",0,0.744897959183674,0.874335292471313,0,0.189473684210526,1,0,0,0,0.326923076923077,0,1,0,0,0,1,0,1,0,0,0
"247",0,0.612244897959184,0.850265883011475,0,0.2,1,0,0,0,0.326923076923077,0,1,0,0,1,0,0,0,0,0,0
"248",0,0.255102040816327,0.793730758466275,0,0.168421052631579,1,0,0,0,0.326923076923077,0,1,0,0,0,0,0,1,0,0,0
"249",0,0.510204081632653,0.520291071928352,0,0.168421052631579,0,0,0,0,0.326923076923077,0,0,0,0,0,1,1,0,0,0,0
"250",0,0.663265306122449,0.488385110551357,0,0.147368421052632,1,0,0,0,0.384615384615385,1,1,0,0,0,0,0,1,0,0,0
"251",0,0.816326530612245,0.383711167086482,0,0.168421052631579,0,0,0,0,0.384615384615385,1,1,0,0,0,1,0,1,0,0,0
"252",0,1,0.304785894206549,0,0.2,0,0,0,0,0.384615384615385,0,0,0,0,1,0,0,0,0,0,0
"253",0,0.908163265306122,0.284354883851106,0,0.168421052631579,1,0,0,0,0.384615384615385,1,0,1,0,1,0,0,0,0,0,0
"254",0,0.857142857142857,0.275398824517212,0,0.189473684210526,1,0,0,0,0.384615384615385,0,0,0,0,0,0,0,1,0,0,0
"255",0,0.102040816326531,0.208788133221383,0,0.2,1,0,0,0,0.384615384615385,0,1,0,0,1,0,0,0,0,0,0
"256",1,0.73469387755102,0.956339210747271,0,0.2,0,0,0,0,0.192307692307692,1,1,0,0,1,0,0,0,0,0,0
"257",1,0.795918367346939,0.628323537643437,0,0.189473684210526,0,0,0,0,0.0576923076923077,0,1,0,0,0,1,1,0,0,0,0
"258",1,0.704081632653061,0.615449202350966,0,0.147368421052632,0,0,0,0,0.0576923076923077,1,0,1,0,1,0,0,0,0,0,0
"259",1,0.673469387755102,0.603974251329415,0,0.2,0,0,0,0,0.0576923076923077,0,0,0,0,0,0,1,0,0,0,0
"260",1,0.0918367346938776,0.200111950741674,1,0.210526315789474,0,0,1,1,0,0,0,0,0,0,1,1,0,0,0,0
"261",1,0,0.196193674783095,1,0.126315789473684,0,0,0,0,0,1,0,0,0,0,0,1,0,0,0,1
"262",1,0.755102040816326,0.119507416736636,0,0.189473684210526,1,0,1,1,0.0769230769230769,0,0,0,0,0,0,1,0,0,0,0
"263",1,0.969387755102041,0.049258326336412,0,0.168421052631579,0,0,0,0,0.0769230769230769,0,0,0,0,1,0,0,0,0,0,0
"264",0,0.612244897959184,0.633361321018752,0,0.178947368421053,1,0,0,0,0.538461538461538,0,1,0,0,0,1,0,0,1,0,0
"265",0,0.76530612244898,0.53568429890848,0,0.189473684210526,0,0,0,0,0.596153846153846,0,0,0,0,0,1,0,0,1,0,0
"266",0,0.295918367346939,0.0240694094598377,0,0.168421052631579,1,0,0,0,0.211538461538462,0,1,0,0,0,1,1,0,0,0,0
"267",0,0.469387755102041,0.982927511894766,0,0.178947368421053,1,0,0,0,0.326923076923077,0,0,0,0,0,1,0,1,0,0,0
"268",0,0.295918367346939,0.954380072767982,0,0.168421052631579,1,0,0,0,0.326923076923077,0,0,0,0,0,0,0,1,0,0,0
"269",0,0.0408163265306122,0.907360761265043,1,0.168421052631579,1,0,0,0,0.326923076923077,1,0,0,0,0,1,1,0,0,0,1
"270",0,0.683673469387755,0.865379233137419,0,0.157894736842105,1,0,0,0,0.326923076923077,1,1,0,0,0,0,0,0,1,0,0
"271",0,0.23469387755102,0.805765463196194,0,0.168421052631579,1,0,0,0,0.326923076923077,0,0,0,0,0,1,0,0,1,0,0
"272",0,0.428571428571429,0.244332493702771,0,0.189473684210526,0,0,0,0,0.403846153846154,0,0,0,0,0,0,0,0,1,0,0
"273",0,0.13265306122449,0.205429610971173,0,0.210526315789474,1,0,0,0,0.403846153846154,0,1,0,0,0,1,1,0,0,0,0
"274",1,0.581632653061224,0.973411698852505,0,0.189473684210526,0,0,0,0,0.326923076923077,0,1,0,0,1,0,0,0,0,0,0
"275",1,0.489795918367347,0.868457878533445,0,0.168421052631579,1,0,0,0,0.326923076923077,0,0,0,0,1,0,0,0,0,0,0
"276",1,0.602040816326531,0.470752868737755,0,0.178947368421053,0,0,0,0,0.326923076923077,0,0,0,0,1,0,0,0,0,0,0
"277",1,0.591836734693878,0.276518331933949,0,0.168421052631579,0,0,0,0,0.326923076923077,0,0,0,0,1,0,0,0,0,0,0
"278",1,0.602040816326531,0.0957178841309824,0,0.178947368421053,0,0,0,0,0.461538461538462,0,0,0,0,1,0,0,0,0,0,0
"279",1,0.469387755102041,0.0727679820878813,0,0.178947368421053,0,0,0,0,0.461538461538462,0,0,0,0,1,0,0,0,0,0,0
"280",1,0.173469387755102,0.0349846067730199,0,0.210526315789474,0,0,0,0,0.461538461538462,0,0,0,0,1,0,0,0,0,0,0
"281",0,0.275510204081633,0.266162888329135,0,0.210526315789474,0,0,0,0,0.288461538461538,0,0,0,0,0,1,1,0,0,0,0
"282",0,0,0,1,0.126315789473684,0,0,0,0,0,1,0,1,0,0,1,0,1,0,0,1
"283",1,0.897959183673469,0.948782535684299,0,0.168421052631579,1,0,0,0,0.211538461538462,0,1,0,0,1,0,0,0,0,0,0
"284",1,0.693877551020408,0.00195913797928911,0,0.168421052631579,1,0,0,0,0.0576923076923077,0,0,0,0,1,0,0,0,0,0,0
"285",1,0.714285714285714,0.990204310103554,0,0.210526315789474,1,0,0,0,0.326923076923077,0,0,0,0,0,1,0,1,0,0,0
"286",1,0.622448979591837,0.98180800447803,0,0.147368421052632,0,0,0,0,0.326923076923077,1,1,0,0,0,0,0,0,1,0,0
"287",1,0.418367346938776,0.938147215225301,0,0.168421052631579,1,0,1,1,0.326923076923077,1,0,1,0,0,0,1,0,0,0,0
"288",1,0.806122448979592,0.733837111670865,0,0.168421052631579,1,0,0,0,0.384615384615385,0,0,0,0,0,1,0,0,1,0,0
"289",1,0.469387755102041,0.681500139938427,0,0.189473684210526,0,0,0,0,0.384615384615385,0,0,0,0,0,0,1,0,0,0,0
"290",1,0.224489795918367,0.63392107472712,0,0.189473684210526,0,0,0,0,0.384615384615385,1,1,0,0,0,1,0,0,1,0,0
"291",1,0.153061224489796,0.620766862580465,0,0.210526315789474,1,0,0,0,0.384615384615385,0,0,0,0,0,0,1,0,0,0,0
"292",1,0.0612244897959184,0.609291911558914,0,0.178947368421053,0,0,0,0,0.384615384615385,1,1,0,0,0,1,0,1,0,0,0
"293",1,0,0.254967814161769,1,0.126315789473684,0,0,0,0,0.5,1,0,0,0,0,1,1,0,0,0,1
"294",0,0.938775510204082,0.938986845787853,0,0.189473684210526,1,0,0,0,0.326923076923077,0,1,0,0,0,1,0,1,0,0,0
"295",0,0.591836734693878,0.84186957738595,0,0.178947368421053,1,0,0,0,0.192307692307692,0,0,0,0,0,1,1,0,0,0,0
"296",0,0.204081632653061,0.660229499020431,0,0.168421052631579,0,0,0,0,0.326923076923077,0,1,0,0,0,1,0,0,1,0,0
"297",0,0.857142857142857,0.547159249930031,0,0.189473684210526,1,0,1,1,0.384615384615385,0,1,0,0,0,0,1,0,0,0,0
"298",0,0.0714285714285714,0.421494542401343,1,0.178947368421053,0,0,0,0,0.384615384615385,0,0,0,0,0,1,0,0,1,0,0
"299",0,0.0408163265306122,0.262244612370557,1,0.168421052631579,1,0,1,1,0.519230769230769,1,0,0,0,0,1,1,0,0,0,1
"300",0,0.642857142857143,0.242093478869297,0,0.168421052631579,0,0,0,0,0.653846153846154,0,0,0,0,1,0,0,0,0,0,0
"301",0,0.0612244897959184,0.206828995242093,0,0.189473684210526,1,0,0,0,0.653846153846154,1,1,0,0,1,0,0,0,0,0,1
"302",0,0.714285714285714,0.13322138259166,0,0.178947368421053,0,0,0,0,0.788461538461538,0,0,0,0,0,1,1,0,0,0,0
"303",0,0.63265306122449,0.106912958298349,0,0.2,0,0,0,0,0.788461538461538,1,0,1,0,1,0,0,0,0,0,0
"304",0,0.622448979591837,0.664707528687378,0,0.2,0,0,0,0,0.326923076923077,0,0,0,0,0,1,0,1,0,0,0
"305",0,0.755102040816326,0.527008116428771,0,0.168421052631579,1,0,0,0,0.403846153846154,0,0,0,0,1,0,0,0,0,0,0
"306",0,0.642857142857143,0.493982647635041,0,0.168421052631579,0,0,0,0,0.403846153846154,0,0,0,0,0,1,0,1,0,0,0
"307",0,0.0612244897959184,0.420654911838791,1,0.189473684210526,0,0,0,0,0.673076923076923,1,0,0,0,1,0,0,0,0,0,1
"308",0,0.755102040816326,0.284354883851106,0,0.2,0,0,0,0,0.788461538461538,0,0,0,0,0,0,0,0,1,0,0
"309",0,0.510204081632653,0.252448922474111,0,0.168421052631579,0,0,0,0,0.788461538461538,0,0,0,0,0,1,0,0,1,0,0
"310",0,0.0714285714285714,0.171564511614889,0,0.168421052631579,0,0,0,0,0.673076923076923,0,1,0,0,0,0,0,0,1,0,0
"311",0,0.0204081632653061,0.158690176322418,0,0.147368421052632,0,0,0,0,0.673076923076923,1,0,1,0,0,1,1,0,0,0,1
"312",0,0.908163265306122,0.066890568150014,0,0.2,1,0,0,0,0.75,0,0,1,0,1,0,0,0,0,0,0
"313",1,0.755102040816326,0.999160369437448,0,0.168421052631579,0,0,0,0,0.326923076923077,0,1,0,0,1,0,0,0,0,0,0
"314",1,0.602040816326531,0.834592779177162,0,0.178947368421053,1,0,0,0,0.326923076923077,1,0,1,0,1,0,0,0,0,0,0
"315",1,0,0.631122306185278,1,0.126315789473684,0,0,0,0,0.576923076923077,1,1,0,0,1,0,0,0,0,0,1
"316",1,0.683673469387755,0.601735236495942,0,0.189473684210526,0,0,0,0,0.711538461538462,0,0,0,0,1,0,0,0,0,0,0
"317",1,0.755102040816326,0.34116988525049,0,0.168421052631579,0,0,0,0,0.711538461538462,0,0,0,0,1,0,0,0,0,0,0
"318",1,0.755102040816326,0.221102714805486,0,0.168421052631579,0,0,0,0,0.557692307692308,0,0,0,0,1,0,0,0,0,0,0
"319",1,0,0.846067730198713,1,0.126315789473684,0,0,0,0,0.269230769230769,1,0,0,0,0,0,1,0,0,0,1
"320",1,0,0.586621886369997,1,0.126315789473684,0,0,0,0,0.403846153846154,1,1,0,0,1,0,0,0,0,0,1
"321",1,0.744897959183674,0.515813042261405,0,0.189473684210526,1,0,0,0,0.673076923076923,1,0,0,0,1,0,0,0,0,0,0
"322",1,0.5,0.290232297788973,0,0.178947368421053,0,0,0,0,0.730769230769231,0,1,0,0,0,1,1,0,0,0,0
"323",1,0.377551020408163,0.242653232577666,0,0.168421052631579,0,0,0,0,0.865384615384615,0,0,0,0,1,0,0,0,0,0,0
"324",1,0.326530612244898,0.232297788972852,0,0.210526315789474,1,0,0,0,0.865384615384615,1,1,0,0,0,0,1,0,0,0,0
"325",1,0.23469387755102,0.221942345368038,0,0.168421052631579,0,0,0,0,0.865384615384615,0,0,0,0,0,1,1,0,0,0,0
"326",1,0.142857142857143,0.200951581304226,0,0.147368421052632,0,0,0,0,0.865384615384615,1,0,1,0,1,0,0,0,0,0,0
"327",1,0.336734693877551,0.0333053456479149,0,0.168421052631579,0,0,0,0,1,0,0,0,0,0,0,1,0,0,0,0
"328",1,0.285714285714286,0.0260285474391268,0,0.178947368421053,0,0,0,0,1,1,1,0,0,0,1,1,0,0,0,0
"329",0,0.755102040816326,1,0,0.2,0,0,0,0,0.326923076923077,0,0,0,0,0,0,0,0,1,0,0
"330",0,0.663265306122449,0.982087881332214,0,0.178947368421053,1,0,0,0,0.326923076923077,1,0,1,0,0,0,0,1,0,0,0
"331",0,0.857142857142857,0.810803246571508,0,0.210526315789474,0,0,0,0,0.461538461538462,0,0,0,0,0,0,1,0,0,0,0
"332",0,0.76530612244898,0.799608172404142,0,0.178947368421053,0,0,0,0,0.461538461538462,1,1,0,0,0,1,0,0,1,0,0
"333",0,0.530612244897959,0.689336691855584,0,0.210526315789474,0,0,0,0,0.461538461538462,1,1,0,0,0,1,0,0,1,0,0
"334",0,0.438775510204082,0.678421494542401,0,0.210526315789474,0,0,0,0,0.461538461538462,0,0,0,0,0,1,0,1,0,0,0
"335",0,0.346938775510204,0.666666666666667,0,0.157894736842105,0,0,0,0,0.461538461538462,1,1,0,0,0,1,0,1,0,0,0
"336",0,0.26530612244898,0.565910999160369,0,0.168421052631579,1,0,0,0,0.461538461538462,0,0,0,0,1,0,0,0,0,0,0
"337",0,0.163265306122449,0.560033585222502,0,0.168421052631579,0,0,0,0,0.461538461538462,0,0,0,0,0,0,0,0,1,0,0
"338",0,0.755102040816326,0.252169045619927,0,0.168421052631579,0,0,0,0,0.519230769230769,0,0,0,0,0,0,0,1,0,0,0
"339",0,0.704081632653061,0.079205149734117,0,0.210526315789474,1,0,0,0,0.384615384615385,0,0,0,0,1,0,0,0,0,0,0
"340",0,0.612244897959184,0.0663308144416457,0,0.157894736842105,0,0,0,0,0.384615384615385,1,1,0,0,1,0,0,0,0,0,0
"341",0,0.530612244897959,0.0436607892527288,0,0.210526315789474,0,0,0,0,0.384615384615385,1,1,0,0,0,0,1,0,0,0,0
"342",0,0.520408163265306,0.525048978449482,0,0.210526315789474,1,0,1,1,0.538461538461538,1,1,0,0,0,0,1,0,0,0,0
"343",0,0.459183673469388,0.366358802127064,0,0.2,0,0,0,0,0.596153846153846,1,0,0,0,0,1,0,1,0,0,0
"344",0,0.0816326530612245,0.232577665827036,1,0.178947368421053,0,0,0,0,0.538461538461538,0,0,0,0,0,0,0,1,0,0,0
"345",0,0.0204081632653061,0.222222222222222,1,0.147368421052632,0,0,0,0,0.538461538461538,1,1,0,0,0,1,0,0,1,0,1
"346",0,0.561224489795918,0.0498180800447803,0,0.168421052631579,0,0,0,0,0.557692307692308,0,0,0,0,0,0,0,0,1,0,0
"347",1,0.336734693877551,0.802686817800168,0,0.2,1,0,0,0,0.326923076923077,1,0,1,0,1,0,0,0,0,0,0
"348",1,0.0408163265306122,0.761265043380912,0,0.168421052631579,1,0,0,0,0.326923076923077,1,0,1,0,1,0,0,0,0,0,1
"349",1,0.602040816326531,0.684578785334453,0,0.189473684210526,0,0,0,0,0.403846153846154,0,1,0,0,0,0,1,0,0,0,0
"350",1,0.387755102040816,0.580184718723762,0,0.210526315789474,0,0,0,0,0.269230769230769,0,0,0,0,1,0,0,0,0,0,0
"351",1,0.295918367346939,0.568429890848027,0,0.189473684210526,1,0,0,0,0.269230769230769,1,1,0,0,1,0,0,0,0,0,0
"352",1,0.0714285714285714,0.534284914637559,1,0.2,0,0,0,0,0.269230769230769,1,1,0,0,0,0,1,0,0,0,1
"353",1,0.36734693877551,0.520291071928352,0,0.189473684210526,1,0,0,0,0.403846153846154,0,0,0,0,1,0,0,0,0,0,0
"354",1,0.755102040816326,0.386230058774139,0,0.2,0,0,0,0,0.25,0,0,0,0,0,1,1,0,0,0,0
"355",1,0.673469387755102,0.375314861460957,0,0.157894736842105,1,0,0,0,0.25,1,1,0,0,1,0,0,0,0,0,0
"356",1,0.540816326530612,0.268122026308424,0,0.210526315789474,1,0,0,0,0.25,0,0,0,0,0,0,1,0,0,0,0
"357",1,0.724489795918367,0.825916596697453,0,0.252631578947368,0,0,0,0,0.384615384615385,1,1,0,0,0,0,1,0,0,0,0
"358",1,0.571428571428571,0.232297788972852,0,0.442105263157895,1,0,0,0,0.653846153846154,1,0,0,0,0,0,1,0,0,0,0
"359",1,0.469387755102041,0.0240694094598377,0,0.315789473684211,0,0,0,0,0.596153846153846,1,0,0,0,1,0,0,0,0,0,0
"360",0,0.755102040816326,0.551357402742793,0,0.263157894736842,1,0,0,0,0.326923076923077,1,0,0,0,0,0,0,1,0,0,0
"361",0,0.795918367346939,0.456759026028547,0,0.315789473684211,1,0,0,0,0.384615384615385,0,0,1,0,0,0,0,1,0,0,0
"362",1,0.826530612244898,0.62048698572628,0,0.242105263157895,1,0,1,1,0.0576923076923077,0,1,0,0,0,1,1,0,0,0,0
"363",1,0.755102040816326,0.365799048418696,0,0.231578947368421,0,0,0,0,0,1,1,0,0,0,0,0,1,0,0,0
"364",0,0.530612244897959,0.901203470472992,0,0.410526315789474,1,0,0,0,0.326923076923077,1,0,0,0,0,1,0,0,1,0,0
"365",0,0.785714285714286,0.998320738874895,0,0.284210526315789,0,0,0,0,0.326923076923077,1,0,0,0,0,0,1,0,0,0,0
"366",0,0.877551020408163,0.586062132661629,0,0.231578947368421,0,0,0,0,0.461538461538462,0,1,0,0,0,0,0,0,1,0,0
"367",0,0.846938775510204,0.479708928071648,0,1,0,0,0,0,0.403846153846154,1,0,0,0,0,0,0,1,0,0,1
"368",0,0.836734693877551,0.270361041141898,0,0.305263157894737,0,0,0,0,0.403846153846154,1,0,0,0,0,1,0,1,0,0,0
"369",0,0.591836734693878,0.247691015952981,0,0.284210526315789,0,0,0,0,0.403846153846154,1,1,0,0,0,0,0,1,0,0,0
"370",0,0.357142857142857,0.236495941785614,0,0.221052631578947,1,0,0,0,0.403846153846154,1,0,1,0,0,0,0,0,1,0,0
"371",0,0.591836734693878,0.0556954939826476,0,0.736842105263158,0,0,0,0,0.346153846153846,1,0,0,0,1,0,0,0,0,0,1
"372",0,0.551020408163265,0.0313462076686258,0,0.305263157894737,1,0,0,0,0.461538461538462,1,0,0,0,0,1,0,0,1,0,0
"373",1,0.540816326530612,0.459557794570389,0,0.242105263157895,0,0,0,0,0.326923076923077,1,1,0,0,0,0,1,0,0,0,0
"374",1,0.326530612244898,0.435208508256367,0,0.273684210526316,0,0,0,0,0.326923076923077,1,1,0,0,1,0,0,0,0,0,0
"375",1,0.438775510204082,0.243212986286034,0,0.315789473684211,1,0,0,0,0.326923076923077,1,0,1,0,0,0,1,0,0,0,0
"376",0,0.918367346938776,0.305345647914917,0,0.231578947368421,0,0,1,1,0.288461538461538,1,0,0,0,0,0,1,0,0,0,0
"377",0,0.775510204081633,0.191155891407781,0,0.294736842105263,1,0,1,1,0.192307692307692,1,0,1,0,1,0,0,0,0,0,0
"378",1,0.326530612244898,0.244332493702771,0,0.252631578947368,0,0,0,0,0.0384615384615385,1,0,0,0,0,1,1,0,0,0,0
"379",1,0.755102040816326,0.525608732157851,0,0.252631578947368,1,0,1,1,0.442307692307692,1,1,0,0,0,1,0,0,1,0,0
"380",1,0.714285714285714,0.284914637559474,0,0.621052631578947,1,0,0,0,0.5,1,1,0,0,0,1,0,0,1,0,0
"381",1,0.806122448979592,0.176602294990204,0,0.231578947368421,1,0,0,0,0.634615384615385,1,0,0,0,1,0,0,0,0,0,0
"382",1,0.602040816326531,0.0744472432129863,0,0.726315789473684,1,0,0,0,0.634615384615385,0,0,0,0,0,0,0,1,0,0,0
"383",0,0.724489795918367,0.853344528407501,0,0.252631578947368,0,0,0,0,0.192307692307692,1,1,0,0,1,0,0,0,0,0,0
"384",0,0.530612244897959,0.831514133781136,0,0.284210526315789,0,0,0,0,0.192307692307692,1,1,0,0,1,0,0,0,0,0,0
"385",0,0.122448979591837,0.760705289672544,0,0.252631578947368,0,0,0,0,0.192307692307692,1,1,0,0,1,0,0,0,0,0,1
"386",0,0.704081632653061,0.70724881052337,0,0.252631578947368,0,0,0,0,0.326923076923077,1,1,0,0,0,1,1,0,0,0,0
"387",0,0.397959183673469,0.68233977050098,0,0.284210526315789,1,0,0,0,0.326923076923077,1,1,0,0,0,0,0,0,1,0,0
"388",0,0.275510204081633,0.431570109151973,0,0.326315789473684,0,0,0,0,0.384615384615385,1,0,0,0,0,0,1,0,0,0,0
"389",0,0.561224489795918,0.30954380072768,0,0.305263157894737,0,0,0,0,0.519230769230769,1,0,0,0,0,1,1,0,0,0,0
"390",0,0.591836734693878,0.230618527847747,0,0.621052631578947,1,0,0,0,0.653846153846154,1,1,0,0,1,0,0,0,0,0,0
"391",0,0.887755102040816,0.145815841029947,0,0.294736842105263,1,0,0,0,0.788461538461538,1,0,0,0,0,0,1,0,0,0,0
"392",0,0.897959183673469,0.89700531766023,0,0.326315789473684,0,0,0,0,0.326923076923077,1,0,0,0,0,1,1,0,0,0,0
"393",0,0.73469387755102,0.674783095438007,0,0.231578947368421,0,0,0,0,0.326923076923077,1,0,0,0,0,0,1,0,0,0,0
"394",0,0.204081632653061,0.607892527287993,0,0.336842105263158,0,1,1,1,0.326923076923077,1,0,0,0,0,1,1,0,0,0,1
"395",0,0.744897959183674,0.426532325776658,0,0.894736842105263,0,0,0,0,0.538461538461538,1,0,0,0,0,0,0,0,1,0,1
"396",0,0.775510204081633,0.375314861460957,0,0.242105263157895,0,1,0,0,0.807692307692308,1,1,0,0,0,0,1,0,0,0,0
"397",0,0.530612244897959,0.260565351245452,0,0.242105263157895,0,0,0,0,0.788461538461538,0,0,0,0,0,1,0,1,0,0,0
"398",1,0.142857142857143,0.796809403862301,0,0.273684210526316,0,0,0,0,0.326923076923077,1,0,0,0,1,0,0,0,0,0,1
"399",1,0.489795918367347,0.411978729359082,0,0.284210526315789,0,0,0,0,0.769230769230769,1,0,0,0,0,1,1,0,0,0,0
"400",1,0.795918367346939,0.869857262804366,0,0.4,0,1,0,0,0.269230769230769,1,0,0,0,0,1,0,0,1,0,0
"401",1,0.724489795918367,0.783095438007277,0,0.294736842105263,1,0,0,0,0.403846153846154,1,1,0,0,1,0,0,0,0,0,0
"402",1,0.755102040816326,0.689056815001399,0,0.221052631578947,0,0,0,0,0.403846153846154,1,0,0,0,0,1,1,0,0,0,0
"403",1,0.479591836734694,0.633361321018752,0,0.357894736842105,0,0,0,0,0.403846153846154,1,1,0,0,1,0,0,0,0,0,0
"404",1,0.806122448979592,0.52756787013714,0,0.484210526315789,0,0,0,0,0.538461538461538,1,0,0,0,0,0,1,0,0,0,0
"405",1,0.479591836734694,0.035264483627204,0,0.263157894736842,0,0,0,0,1,1,1,0,0,0,0,1,0,0,0,0
"406",0,0.785714285714286,0.517772180240694,0,0.231578947368421,1,0,0,0,0.519230769230769,1,0,0,0,1,0,0,0,0,0,0
"407",0,0.428571428571429,0.0293870696893367,0,0.242105263157895,1,0,0,0,0.384615384615385,1,1,0,0,0,1,1,0,0,0,0
"408",0,0.163265306122449,0.942345368038063,0,0.294736842105263,0,0,0,0,0.326923076923077,1,0,0,0,0,0,1,0,0,0,1
"409",0,0.591836734693878,0.82703610411419,0,0.252631578947368,0,0,0,0,0.596153846153846,1,1,0,0,0,1,1,0,0,0,0
"410",0,0.591836734693878,0.642317380352645,0,0.263157894736842,0,0,0,0,0.538461538461538,0,0,0,0,0,1,0,0,1,0,0
"411",0,0.438775510204082,0.255247691015953,0,0.305263157894737,0,0,0,0,0.538461538461538,1,0,0,0,0,0,0,0,1,0,0
"412",0,0.255102040816327,0.244332493702771,0,0.294736842105263,0,0,0,0,0.538461538461538,1,0,0,0,0,1,0,1,0,0,0
"413",0,0.387755102040816,0.0327455919395466,0,0.252631578947368,0,0,0,0,0.557692307692308,1,1,0,0,0,1,0,0,1,0,0
"414",1,0.428571428571429,0.959697732997481,0,0.326315789473684,0,0,0,0,0.326923076923077,1,0,0,0,0,1,1,0,0,0,0
"415",1,0.551020408163265,0.58886090120347,0,0.284210526315789,0,0,0,0,0.269230769230769,1,0,0,0,0,1,1,0,0,0,0
"416",1,0.224489795918367,0.557514693534845,0,0.273684210526316,1,0,0,0,0.269230769230769,1,0,0,0,0,0,1,0,0,0,0
